target_x,target_y,target_z,target_radius,miss_distance,t_closest,closest_x,closest_y,closest_z,apogee,impact_time,max_gimbal_pitch_deg,max_gimbal_yaw_deg,waypoint_index,waypoint_count,final_waypoint_reached,ground_terminated
0.000000,0.000000,20.000000,20.000000,0.096301,0.728710,-0.084848,0.045547,19.999466,1987.978428,46.308000,30.000000,29.999998,0,1,1,1
57.779758,21.101075,11.067708,62.500000,61.994918,0.340000,-0.078396,-0.104741,4.276748,1056.791389,32.360000,30.000000,30.000000,0,1,1,1
-56.628809,23.375549,12.369792,62.500000,56.440152,1.002068,-7.348281,3.859176,31.761325,405.673644,13.936000,30.000000,29.990129,0,1,1,1
25.848803,-55.237390,13.671875,62.500000,61.676005,0.413148,0.341347,0.450731,6.451590,1020.222182,31.572000,30.000000,30.000000,0,1,1,1
18.160466,57.898429,14.973958,62.500000,61.342409,0.492658,1.199515,-0.760357,9.111855,874.743283,28.628000,30.000000,29.999498,0,1,1,1
-52.209890,-30.256699,16.276042,62.500000,61.206505,0.480334,0.214366,0.477695,8.973258,984.042508,30.868000,30.000000,30.000000,0,1,1,1
58.578238,-12.878261,17.578125,62.500000,60.546596,0.619529,-0.433769,0.343980,14.637765,558.205766,19.164000,30.000000,29.991476,0,1,1,1
-34.266266,48.740237,18.880208,62.500000,59.898569,0.821267,-5.056385,-3.445473,22.237737,455.461338,15.884000,30.000000,29.992488,0,1,1,1
-7.601627,-58.661234,20.182292,62.500000,60.483894,0.585685,-2.253576,1.103698,12.576198,407.587529,14.012000,30.000000,29.991970,0,1,1,1
44.878263,37.823447,21.484375,62.500000,51.171336,1.158626,11.841741,3.456661,40.085929,296.796091,10.488000,30.000000,30.000000,0,1,1,1
-58.148475,2.404622,22.786458,62.500000,60.405499,0.517155,0.815609,-1.112490,10.149565,1141.435643,33.704000,30.000000,29.999637,0,1,1,1
40.879196,-40.680260,24.088542,62.500000,45.573604,1.349277,24.263344,-4.688984,46.571756,146.968371,7.172000,30.000000,30.000000,0,1,1,1
-2.637999,57.049164,25.390625,62.500000,59.440334,0.607616,1.571717,-1.115198,13.886774,1030.832917,31.668000,30.000000,29.999956,0,1,1,1
-36.208567,-43.389964,26.692708,62.500000,49.629090,1.224000,-14.634295,-1.762095,42.962861,268.075258,10.012000,30.000000,29.569581,0,1,1,1
55.380668,7.451391,27.994792,62.500000,58.629122,0.639766,-1.519886,1.300904,15.271882,936.403793,29.908000,30.000000,29.999872,0,1,1,1
-45.318095,31.531150,29.296875,62.500000,48.184234,1.257714,-15.026919,-2.886437,44.115608,261.243016,9.900000,30.000000,29.162135,0,1,1,1
11.961138,-53.168458,30.598958,62.500000,56.652814,0.757400,0.646729,1.516620,21.056016,731.748698,25.000000,30.000000,30.000000,0,1,1,1
26.721211,46.632075,31.901042,62.500000,54.094414,0.884175,7.511517,-3.487666,25.177588,871.805884,28.684000,30.000000,29.999855,0,1,1,1
-50.445982,-16.093644,33.203125,62.500000,53.851333,0.916795,-1.039349,4.805303,28.493063,790.495331,26.644000,30.000000,29.999996,0,1,1,1
47.306638,-21.856867,34.505208,62.500000,51.982718,0.959671,6.023513,9.072350,28.079469,789.632469,26.940000,30.000000,30.000000,0,1,1,1
-19.776308,47.254476,35.807292,62.500000,48.369276,1.117688,-6.737377,0.833731,39.639729,580.148949,20.060000,30.000000,29.846008,0,1,1,1
-17.020968,-47.322626,37.109375,62.500000,41.865372,1.200907,-10.767118,-6.296198,42.625797,535.613769,18.984000,30.000000,30.000000,0,1,1,1
43.642711,22.937386,38.411458,62.500000,46.160960,1.095927,11.255162,-9.677823,34.153631,525.682749,18.304000,30.000000,30.000000,0,1,1,1
-46.666544,12.301151,39.713542,62.500000,34.893368,1.447753,-18.756253,-4.492925,52.224409,247.230044,9.660000,30.000000,29.988389,0,1,1,1
25.505351,-39.666681,41.015625,62.500000,16.874111,1.557424,26.465734,-26.495282,51.519316,105.537988,6.064000,30.000000,29.997050,0,1,1,1
7.790313,45.329600,42.317708,62.500000,16.145425,1.561180,14.938942,34.413110,51.825710,100.997680,5.896000,30.000000,29.999990,0,1,1,1
-35.389231,-27.407410,43.619792,62.500000,32.251398,1.440944,-18.573463,-1.432783,52.713822,273.938837,10.224000,30.000000,29.992200,0,1,1,1
43.305921,-3.587807,44.921875,62.500000,38.090158,1.243274,10.858831,16.139805,41.943991,327.648549,11.412000,30.000000,30.000000,0,1,1,1
-28.566534,30.879586,46.223958,62.500000,23.696744,1.403356,-20.335108,9.757289,53.125252,374.628226,12.760000,30.000000,29.991521,0,1,1,1
0.198008,-40.589237,47.526042,62.500000,21.467578,1.455027,-4.970386,-22.089860,57.113411,295.882830,10.552000,30.000000,29.995270,0,1,1,1
26.212687,28.895662,48.828125,62.500000,7.988062,1.559046,25.763102,22.912123,54.101101,118.980109,6.424000,30.000000,30.000000,0,1,1,1
-37.166478,-3.444581,50.130208,62.500000,13.225227,1.481822,-25.695905,-2.077897,56.569521,328.952125,11.540000,30.000000,29.955975,0,1,1,1
28.285930,-21.468012,51.432292,62.500000,1.112958,1.503038,27.564917,-22.315840,51.430467,115.726344,6.352000,30.000000,29.994412,0,1,1,1
-6.004187,33.004324,52.734375,62.500000,7.660678,1.493652,-5.859559,26.921315,57.388628,191.038448,8.256000,30.000000,29.999108,0,1,1,1
-16.726794,-26.580548,54.036458,62.500000,10.521212,1.458368,-18.752771,-16.599017,56.674706,320.147397,11.260000,30.000000,29.999612,0,1,1,1
28.016788,7.678240,55.338542,62.500000,0.876265,1.477442,28.559122,8.109064,54.801788,232.967086,9.196000,30.000000,29.999936,0,1,1,1
-23.506745,12.063273,56.640625,62.500000,3.517358,1.470590,-23.019066,8.716835,57.607751,449.544416,15.576000,30.000000,29.999579,0,1,1,1
8.144125,-21.967380,57.942708,62.500000,0.752969,1.447904,8.614801,-21.423002,58.164250,377.413017,12.728000,30.000000,29.997132,0,1,1,1
7.505940,18.438154,59.244792,62.500000,1.340368,1.454353,8.291103,19.423157,58.786671,1115.068903,33.148000,30.000000,30.000000,0,1,1,1
-14.008879,-6.639069,60.546875,62.500000,3.338927,1.433862,-13.814187,-9.911077,59.910877,1323.565581,36.840000,30.000000,30.000000,0,1,1,1
8.598197,-2.650916,61.848958,62.500000,0.795308,1.428653,9.373971,-2.792006,61.745116,2035.363259,47.252000,30.000000,30.000000,0,1,1,1
-122.547073,-21.676852,11.718750,125.000000,124.760360,0.312000,0.041278,0.012349,3.544254,791.971904,26.816000,30.000000,29.999998,1,2,1,1
104.774752,-66.649121,14.322917,125.000000,114.990174,1.296000,10.842356,-9.997644,48.820093,335.787214,11.416000,30.000000,29.999999,1,2,1,1
-32.151628,119.602453,16.927083,125.000000,124.592367,0.344000,-0.034872,-0.125211,4.394790,727.471084,25.180000,30.000000,30.000000,1,2,1,1
-56.905744,-109.568547,19.531250,125.000000,115.824200,1.315322,-14.617308,-5.123347,46.329265,414.945075,14.504000,30.000000,29.981718,1,2,1,1
115.559517,42.202150,22.135417,125.000000,124.428367,0.356000,-0.133513,-0.157578,4.722930,1226.873951,35.272000,30.000000,29.974945,1,2,1,1
-113.257617,46.751098,24.739583,125.000000,105.652203,1.720972,-25.863654,11.916931,72.815190,548.262174,19.548000,30.000000,30.000000,1,2,1,1
51.697605,-110.474780,27.343750,125.000000,124.004421,0.469685,0.734103,0.957225,8.298377,993.779343,31.020000,30.000000,29.999245,1,2,1,1
36.320933,115.796857,29.947917,125.000000,123.339083,0.604000,2.555806,-1.637520,13.166593,818.789347,27.548000,30.000000,30.000000,1,2,1,1
-104.419781,-60.513397,32.552083,125.000000,123.237483,0.578374,0.885069,0.376329,12.783240,861.419936,28.336000,30.000000,30.000000,1,2,1,1
117.156475,-25.756522,35.156250,125.000000,121.790141,0.782849,-1.375996,-1.068165,21.988988,611.280210,21.364000,30.000000,29.999820,1,2,1,1
-68.532532,97.480475,37.760417,125.000000,117.610029,1.295883,-13.398640,-6.028583,46.606192,449.109662,15.604000,30.000000,29.996875,1,2,1,1
-15.203255,-117.322468,40.364583,125.000000,119.362564,1.300000,-15.515197,1.885188,46.435762,445.753576,15.396000,30.000000,29.994479,1,2,1,1
89.756525,75.646895,42.968750,125.000000,104.961728,1.585707,9.942004,12.212345,67.921994,301.707707,10.548000,30.000000,30.000000,1,2,1,1
-116.296949,4.809244,45.572917,125.000000,122.450466,0.592122,1.552259,-1.752601,12.975019,880.491539,28.732000,30.000000,30.000000,1,2,1,1
81.758391,-81.360519,48.177083,125.000000,82.120074,2.115318,58.830170,-15.922536,92.175647,226.277642,9.068000,30.000000,30.000000,1,2,1,1
-5.275998,114.098328,50.781250,125.000000,120.626933,0.917510,3.268137,-4.138057,28.465071,858.336687,28.160000,30.000000,29.997817,1,2,1,1
-72.417134,-86.779929,53.385417,125.000000,94.522250,1.796018,-32.031908,-5.198576,78.840714,431.983062,14.880000,30.000000,29.416962,1,2,1,1
110.761337,14.902781,55.989583,125.000000,118.980380,1.086152,-6.050048,2.083974,37.358714,578.937865,19.964000,30.000000,29.999676,1,2,1,1
-90.636189,63.062300,58.593750,125.000000,91.364581,1.843601,-32.837143,-3.984868,81.208661,443.443512,15.328000,30.000000,29.622545,1,2,1,1
23.922276,-106.336916,61.197917,125.000000,115.680712,1.122119,-0.446823,4.869027,40.669583,697.110774,23.788000,30.000000,29.998657,1,2,1,1
53.442421,93.264151,63.802083,125.000000,111.129631,1.293241,14.260114,-9.202995,46.053122,552.706367,19.184000,30.000000,30.000000,1,2,1,1
-100.891964,-32.187288,66.406250,125.000000,111.529116,1.259506,0.208990,11.111249,47.897402,1241.466313,35.356000,30.000000,29.992112,1,2,1,1
94.613276,-43.713733,69.010417,125.000000,107.811043,1.355980,8.029572,17.267084,48.815784,1135.186420,33.712000,30.000000,29.999947,1,2,1,1
-39.552615,94.508952,71.614583,125.000000,99.200550,1.762289,-9.926873,0.508215,82.880719,605.907960,20.992000,30.000000,29.936789,1,2,1,1
-34.041935,-94.645252,74.218750,125.000000,85.075884,1.898954,-21.319437,-11.505512,87.018265,615.808367,21.884000,30.000000,29.424979,1,2,1,1
87.285422,45.874771,76.822917,125.000000,99.803223,1.562385,16.243801,-22.125820,59.802602,1296.393359,36.508000,30.000000,30.000000,1,2,1,1
-93.333087,24.602302,79.427083,125.000000,62.470685,2.326578,-48.655931,-10.973702,104.742811,313.383670,11.280000,30.000000,29.989983,1,2,1,1
51.010702,-79.333362,82.031250,125.000000,10.624279,2.389991,59.665673,-73.553943,84.167862,102.386987,5.932000,30.000000,30.000000,1,2,1,1
15.580625,90.659199,84.635417,125.000000,10.307399,2.378575,25.686972,90.515735,82.614613,127.864828,6.996000,30.000000,30.000000,1,2,1,1
-70.778462,-54.814819,87.239583,125.000000,61.772535,2.180344,-40.814397,-1.705171,97.107007,304.953366,11.028000,30.000000,29.992200,1,2,1,1
86.611842,-7.175614,89.843750,125.000000,85.344920,1.788000,15.443782,36.826479,73.030706,1493.028783,39.668000,30.000000,29.999829,1,2,1,1
-57.133067,61.759172,92.447917,125.000000,43.738165,2.254939,-57.276340,19.727073,104.543751,228.084411,9.132000,30.000000,29.978784,1,2,1,1
0.396016,-81.178474,95.052083,125.000000,37.283394,2.242226,-16.694823,-51.571173,109.930337,324.658886,11.288000,30.000000,29.978784,1,2,1,1
52.425374,57.791323,97.656250,125.000000,21.487945,2.338350,69.179740,45.452750,92.291307,1713.435937,43.836000,30.000000,30.000000,1,2,1,1
-74.332956,-6.889162,100.260417,125.000000,10.522886,2.285833,-68.269739,-0.310950,105.800784,330.228070,11.788000,30.000000,29.965857,1,2,1,1
56.571860,-42.936024,102.864583,125.000000,16.276352,2.263978,63.207454,-52.460057,91.454879,1764.195307,44.184000,30.000000,30.000000,1,2,1,1
-12.008375,66.008649,105.468750,125.000000,4.452750,2.260991,-15.763865,67.343678,103.483562,463.801137,16.492000,30.000000,29.999179,1,2,1,1
-33.453587,-53.161096,108.072917,125.000000,12.419851,2.224529,-39.566734,-42.719003,110.873779,441.755628,15.368000,30.000000,29.999108,1,2,1,1
56.033577,15.356480,110.677083,125.000000,14.600410,2.249682,67.667073,17.183695,102.046034,1676.873273,42.592000,30.000000,30.000000,1,2,1,1
-47.013489,24.126546,113.281250,125.000000,6.641106,2.227638,-50.485516,18.467144,113.138141,764.023446,26.292000,30.000000,29.999643,1,2,1,1
16.288251,-43.934760,115.885417,125.000000,8.744631,2.200640,16.474525,-51.874475,112.225527,1839.193562,44.636000,30.000000,29.997767,1,2,1,1
15.011880,36.876308,118.489583,125.000000,6.867069,2.205585,14.745058,43.328581,116.154286,2002.819278,47.020000,30.000000,29.999782,1,2,1,1
-28.017758,-13.278138,121.093750,125.000000,7.106836,2.193248,-27.461733,-20.332902,120.439331,1379.467153,37.676000,30.000000,29.999402,1,2,1,1
17.196395,-5.301832,123.697917,125.000000,1.225993,2.176573,17.872899,-6.316043,123.568394,2089.021137,47.900000,30.000000,30.000000,1,2,1,1
113.778604,148.404040,13.671875,187.500000,175.263126,1.510505,6.785004,18.439220,62.443571,302.192202,10.552000,30.000000,30.000000,2,3,1,1
-183.820609,-32.515277,17.578125,187.500000,187.235344,0.320298,0.049470,0.010074,3.758949,1009.741290,31.400000,30.000000,29.997075,2,3,1,1
157.162128,-99.973682,21.484375,187.500000,172.163712,1.646724,14.541077,-17.754933,71.879382,325.925016,11.144000,30.000000,30.000000,2,3,1,1
-48.227442,179.403679,25.390625,187.500000,187.065850,0.352000,-0.041911,-0.152404,4.620457,727.845298,25.180000,30.000000,30.000000,2,3,1,1
-85.358616,-164.352821,29.296875,187.500000,172.205394,1.849789,-26.496036,-10.079847,78.181880,413.574493,14.464000,30.000000,29.993613,2,3,1,1
173.339275,63.303225,33.203125,187.500000,186.896741,0.368000,-0.174429,-0.195077,5.072146,1194.206812,34.756000,30.000000,29.975059,2,3,1,1
-169.886426,70.126647,37.109375,187.500000,153.039803,2.308021,-46.209598,22.974012,113.932891,626.400534,22.504000,29.997745,29.999893,2,3,1,1
77.546408,-165.712170,41.015625,187.500000,186.332161,0.517683,1.017994,1.327585,10.018908,937.252572,29.916000,30.000000,30.000000,2,3,1,1
54.481399,173.695286,44.921875,187.500000,185.599589,0.646540,3.260219,-2.127130,14.754409,886.339822,28.956000,29.999998,30.000000,2,3,1,1
-156.629671,-90.770096,48.828125,187.500000,185.444275,0.628000,1.265801,0.350181,14.832623,898.853551,29.120000,30.000000,30.000000,2,3,1,1
175.734713,-38.634784,52.734375,187.500000,183.576316,0.844000,-1.902442,-1.580179,24.944789,630.728892,22.012000,30.000000,29.999999,2,3,1,1
-102.798798,146.220712,56.640625,187.500000,175.737039,1.540000,-18.097752,-7.678990,61.551979,458.481059,15.908000,30.000000,29.996809,2,3,1,1
-22.804882,-175.983702,60.546875,187.500000,176.806707,1.745946,-25.619081,0.278412,74.124760,428.070659,14.744000,30.000000,29.999983,2,3,1,1
134.634788,113.470342,64.453125,187.500000,156.754715,2.055014,10.004342,25.530931,100.591093,322.725114,11.092000,30.000000,30.000000,2,3,1,1
-174.445424,7.213866,68.359375,187.500000,184.695950,0.632000,1.992779,-2.125180,14.554758,917.584500,29.488000,30.000000,30.000000,2,3,1,1
122.637587,-122.040779,72.265625,187.500000,106.167311,2.892876,113.174020,-40.183193,139.207948,247.196540,9.596000,30.000000,30.000000,2,3,1,1
-7.913997,171.147492,76.171875,187.500000,181.708534,1.064000,4.006394,-5.782221,36.526293,910.423739,29.236000,30.000000,29.996195,2,3,1,1
-108.625701,-130.169893,80.078125,187.500000,138.696033,2.507523,-64.341584,-8.766499,130.444012,394.249886,13.576000,30.000000,29.608284,2,3,1,1
166.142005,22.354172,83.984375,187.500000,174.977044,1.912703,-7.217773,0.654723,93.601397,540.039974,18.508000,30.000000,30.000000,2,3,1,1
-135.954284,94.593450,87.890625,187.500000,132.786892,2.550896,-62.993541,-6.808773,132.909265,430.061230,14.864000,30.000000,29.656427,2,3,1,1
35.883414,-159.505374,91.796875,187.500000,172.785942,1.901429,2.804425,10.048120,95.314668,666.770594,22.752000,30.000000,30.000000,2,3,1,1
80.163632,139.896226,95.703125,187.500000,164.670186,2.216750,26.564631,-15.041042,111.125843,523.256277,18.020000,30.000000,30.000000,2,3,1,1
-151.337946,-48.280933,99.609375,187.500000,168.186166,1.687132,1.293869,18.738432,77.281805,998.996911,31.044000,30.000000,29.992755,2,3,1,1
141.919913,-65.570600,103.515625,187.500000,163.689253,1.852926,7.748272,25.642585,81.783225,932.981336,29.904000,30.000000,30.000000,2,3,1,1
-59.328923,141.763429,107.421875,187.500000,145.036748,2.344626,-21.047318,3.655299,129.700155,695.294364,23.888000,30.000000,29.935362,2,3,1,1
-51.062903,-141.967878,111.328125,187.500000,128.796144,2.517444,-35.415767,-16.191416,134.216884,479.066795,16.772000,30.000000,29.794052,2,3,1,1
130.928132,68.812157,115.234375,187.500000,150.867275,2.123132,25.892372,-38.117740,98.075675,1154.213487,33.996000,30.000000,30.000000,2,3,1,1
-139.999631,36.903453,119.140625,187.500000,87.434505,2.990403,-81.014003,-17.229843,154.284252,369.179703,13.044000,30.000000,29.989983,2,3,1,1
76.516053,-119.000043,123.046875,187.500000,30.653035,2.952186,101.939212,-107.278180,110.562106,1533.517400,41.828000,30.000000,30.000000,2,3,1,1
23.370938,135.988799,126.953125,187.500000,20.046547,3.010264,32.488151,144.080438,111.038797,1491.676980,41.320000,30.000000,30.000000,2,3,1,1
-106.167693,-82.222229,130.859375,187.500000,77.289814,3.111713,-85.483435,-15.052112,163.016056,343.427089,12.176000,30.000000,29.992824,2,3,1,1
129.917763,-10.763421,134.765625,187.500000,132.194449,2.290492,20.646537,58.717170,108.164516,1618.685124,41.580000,30.000000,29.999823,2,3,1,1
-85.699601,92.638758,138.671875,187.500000,66.905540,2.843624,-96.155575,26.656192,142.322204,275.485504,10.252000,30.000000,29.999982,2,3,1,1
0.594024,-121.767711,142.578125,187.500000,52.318613,2.889802,-33.661988,-85.711348,158.817018,323.780733,11.264000,30.000000,29.976939,2,3,1,1
78.638061,86.686985,146.484375,187.500000,39.319408,2.971475,111.104284,75.986715,127.055931,1693.987009,43.588000,30.000000,30.000000,2,3,1,1
-111.499434,-10.333742,150.390625,187.500000,8.766491,2.919934,-114.664822,-2.489406,148.088871,544.213867,20.544000,30.000000,29.994814,2,3,1,1
84.857789,-64.404037,154.296875,187.500000,26.020840,2.897490,94.616954,-81.363609,137.144157,1761.153569,44.228000,30.000000,30.000000,2,3,1,1
-18.012562,99.012973,158.203125,187.500000,20.116041,2.870059,-25.145108,111.826707,144.433952,1775.717965,44.368000,30.000000,30.000000,2,3,1,1
-50.180381,-79.741645,162.109375,187.500000,9.569355,2.888275,-58.622402,-81.424216,157.929207,905.728447,30.116000,30.000000,30.000000,2,3,1,1
84.050365,23.034721,166.015625,187.500000,23.336627,2.882043,103.368085,23.964025,152.955752,1742.716803,43.636000,30.000000,30.000000,2,3,1,1
-70.520234,36.189820,169.921875,187.500000,6.648484,2.859348,-74.050256,40.560997,166.367429,1749.038720,43.772000,30.000000,30.000000,2,3,1,1
24.432376,-65.902139,173.828125,187.500000,13.195571,2.838395,23.561319,-78.200939,169.126648,1866.705885,45.068000,30.000000,30.000000,2,3,1,1
22.517819,55.314462,177.734375,187.500000,7.864962,2.833639,18.845508,62.094567,176.184559,2031.192917,47.272000,30.000000,30.000000,2,3,1,1
-42.026637,-19.917207,181.640625,187.500000,5.356401,2.816595,-43.538631,-25.000465,180.888696,1891.330401,45.304000,30.000000,29.989278,2,3,1,1
25.794592,-7.952748,185.546875,187.500000,0.932514,2.793074,26.371223,-8.676599,185.432335,2020.730669,47.036000,30.000000,30.000000,2,3,1,1
21.826766,-248.704745,13.020833,250.000000,249.875181,0.292000,-0.010291,0.014799,3.054016,749.506458,25.924000,30.000000,30.000000,3,4,1,1
151.704805,197.872054,18.229167,250.000000,232.198283,2.043160,5.270928,36.847274,99.125289,299.185317,10.500000,30.000000,30.000000,3,4,1,1
-245.094145,-43.353703,23.437500,250.000000,249.733884,0.320000,0.055588,0.016969,3.749788,990.422965,31.164000,30.000000,30.000000,3,4,1,1
209.549505,-133.298242,28.645833,250.000000,229.261111,2.113996,17.872619,-33.490789,105.190598,326.931258,11.188000,30.000000,30.000000,4,5,1,1
-64.303256,239.204905,33.854167,250.000000,249.537130,0.360000,-0.047465,-0.167142,4.854244,730.717561,25.272000,30.000000,30.000000,4,5,1,1
-113.811488,-219.137095,39.062500,250.000000,225.664956,2.497583,-48.240973,-20.237324,123.110470,400.140977,14.012000,30.000000,30.000000,3,4,1,1
231.119033,84.404300,44.270833,250.000000,249.358647,0.376000,-0.189927,-0.203685,5.317160,1409.349118,38.364000,30.000000,30.000000,4,5,1,1
-226.515234,93.502196,49.479167,250.000000,200.140596,2.767136,-64.658961,33.550147,150.793315,615.746782,22.240000,30.000000,30.000000,4,5,1,1
103.395211,-220.949559,54.687500,250.000000,248.794639,0.532000,1.170385,1.530674,10.512808,927.652266,29.644000,30.000000,30.000000,4,5,1,1
72.641866,231.593714,59.895833,250.000000,247.846971,0.684000,3.654902,-2.434591,16.310605,1021.162674,31.768000,30.000000,30.000000,3,4,1,1
-208.839562,-121.026795,65.104167,250.000000,247.795368,0.652000,1.495736,0.360928,15.843350,834.943116,27.752000,30.000000,30.000000,4,5,1,1
234.312950,-51.513045,70.312500,250.000000,245.579032,0.907993,-2.499469,-1.994443,28.159835,617.479252,21.512000,30.000000,30.000000,4,5,1,1
-137.065064,194.960950,75.520833,250.000000,234.214018,2.118337,-31.419027,-12.442152,101.579892,459.236778,15.920000,30.000000,29.999997,3,4,1,1
-30.406510,-234.644936,80.729167,250.000000,229.481237,2.570875,-47.783878,-12.506932,135.632469,426.399230,14.684000,30.000000,30.000000,3,4,1,1
179.513051,151.293789,85.937500,250.000000,208.098930,2.506544,4.858060,47.980301,132.058232,303.134884,10.684000,30.000000,30.000000,4,5,1,1
-232.593899,9.618488,91.145833,250.000000,247.038878,0.652000,2.231482,-2.313827,15.364122,882.722130,28.752000,30.000000,30.000000,4,5,1,1
163.516783,-162.721039,96.354167,250.000000,122.177140,3.537459,163.705144,-74.441775,180.817115,303.306518,11.088000,30.000000,30.000000,4,5,1,1
-10.551997,228.196656,101.562500,250.000000,242.978354,1.302337,6.072538,-8.873008,50.965271,909.048657,29.180000,30.000000,30.000000,3,4,1,1
-144.834267,-173.559858,106.770833,250.000000,175.713007,3.209956,-107.454983,-21.127088,185.777801,452.820765,15.832000,30.000000,29.999974,3,4,1,1
221.522673,29.805562,111.979167,250.000000,228.363118,2.515202,-1.380819,-8.817786,143.155825,544.145773,18.700000,30.000000,30.000000,4,5,1,1
-181.272379,126.124600,117.187500,250.000000,170.040947,3.199179,-101.249130,-6.812068,186.743563,467.131988,16.280000,30.000000,29.778846,4,5,1,1
47.844552,-212.673832,122.395833,250.000000,224.148768,2.506144,6.495662,6.168077,147.716935,660.331264,22.552000,30.000000,30.000000,3,4,1,1
106.884842,186.528301,127.604167,250.000000,211.537798,2.911566,43.827758,-10.489710,171.830260,536.771910,18.516000,30.000000,30.000000,4,5,1,1
-201.783928,-64.374577,132.812500,250.000000,223.274037,2.195218,0.731541,28.413241,117.673095,1053.208582,32.072000,30.000000,30.000000,3,4,1,1
189.226551,-87.427466,138.020833,250.000000,218.528571,2.310556,5.927614,29.823880,117.812973,1044.544697,32.052000,30.000000,30.000000,4,5,1,1
-79.105231,189.017905,143.229167,250.000000,186.679209,2.922505,-36.832202,11.680912,183.400165,704.820778,24.200000,30.000000,29.927785,4,5,1,1
-68.083871,-189.290505,148.437500,250.000000,167.247731,3.322948,-65.449634,-31.091732,202.640939,492.828314,17.324000,30.000000,29.953870,3,4,1,1
174.570843,91.749543,153.645833,250.000000,199.844270,2.717155,37.941662,-53.979751,147.886338,934.508584,29.840000,30.000000,30.000000,4,5,1,1
-186.666174,49.204604,158.854167,250.000000,105.502135,3.717246,-130.851014,-23.176780,211.544806,412.398785,14.732000,30.000000,29.999565,4,5,1,1
102.021404,-158.666724,164.062500,250.000000,49.028865,3.473364,140.582073,-145.749257,136.675579,1486.495351,41.216000,30.000000,30.000000,4,5,1,1
31.161250,181.318398,169.270833,250.000000,40.719267,3.512263,38.813882,196.394835,132.227657,1179.829840,37.144000,30.000000,30.000000,4,5,1,1
-141.556924,-109.629639,174.479167,250.000000,89.306014,3.780972,-130.075278,-31.507972,216.201356,380.693550,13.476000,30.000000,29.998094,4,5,1,1
173.223684,-14.351228,179.687500,250.000000,178.565272,2.750889,23.298089,77.182451,147.602334,1598.119438,41.260000,30.000000,30.000000,4,5,1,1
-114.266135,123.518344,184.895833,250.000000,95.500934,3.309176,-135.202868,31.290524,171.625153,708.601082,26.344000,30.000000,30.000000,3,4,1,1
0.792032,-162.356948,190.104167,250.000000,69.755214,3.426227,-54.219295,-120.657170,200.137726,338.854564,11.672000,30.000000,29.999919,4,5,1,1
104.850748,115.582646,195.312500,250.000000,57.623022,3.499768,151.329341,97.214989,166.628320,1716.186845,43.892000,30.000000,30.000000,3,4,1,1
-148.665911,-13.778323,200.520833,250.000000,18.510026,3.472120,-159.915035,-4.101416,189.455764,1672.614612,43.268000,30.000000,30.000000,3,4,1,1
113.143719,-85.872049,205.729167,250.000000,45.128955,3.389479,120.834066,-115.663793,172.715032,1657.554577,43.212000,30.000000,30.000000,4,5,1,1
-24.016750,132.017297,210.937500,250.000000,31.052808,3.426300,-34.797375,152.263740,190.005788,1797.789016,44.796000,30.000000,30.000000,4,5,1,1
-66.907175,-106.322193,216.145833,250.000000,12.739891,3.459185,-72.080036,-115.452365,208.921825,1856.185861,45.408000,30.000000,30.000000,4,5,1,1
112.067154,30.712961,221.354167,250.000000,36.001620,3.425827,140.618104,22.239701,201.126370,1764.566678,44.140000,30.000000,30.000000,3,4,1,1
-94.026978,48.253093,226.562500,250.000000,13.878769,3.414492,-93.211070,61.311609,221.933282,1885.179019,45.508000,30.000000,29.999648,4,5,1,1
32.576501,-87.869519,231.770833,250.000000,15.358287,3.406482,19.561878,-95.872437,230.205633,1813.785835,44.280000,30.000000,29.998263,4,5,1,1
30.023759,73.752617,236.979167,250.000000,3.798296,3.396076,26.409724,72.807633,237.666777,1417.704072,38.100000,30.000000,29.992059,4,5,1,1
-56.035516,-26.556277,242.187500,250.000000,3.241103,3.362118,-58.496029,-28.534820,241.455389,1993.285313,46.748000,30.000000,29.999838,4,5,1,1
34.392789,-10.603664,247.395833,250.000000,0.922641,3.334151,35.177331,-10.128768,247.294664,2037.194353,47.224000,30.000000,29.999910,4,5,1,1
27.283458,-310.880931,16.276042,312.500000,312.367265,0.300000,-0.012818,0.018488,3.246347,752.729384,26.116000,30.000000,30.000000,5,6,1,1
189.631006,247.340067,22.786458,312.500000,288.649532,2.520497,0.210869,60.009683,133.898523,300.758728,10.524000,30.000000,30.000000,3,6,0,1
-306.367681,-54.192129,29.296875,312.500000,312.228127,0.324000,0.064813,0.013279,3.854717,897.893930,29.172000,30.000000,30.000000,5,6,1,1
261.936881,-166.622803,35.807292,312.500000,282.408391,2.584306,23.400605,-57.327244,140.255487,324.749735,11.128000,30.000000,30.000000,4,6,0,1
-80.379069,299.006132,42.317708,312.500000,312.042155,0.360000,-0.051778,-0.182881,4.850828,742.483362,25.660000,30.000000,30.000000,5,6,1,1
-142.264360,-273.921368,48.828125,312.500000,277.157254,3.090451,-77.714276,-32.606267,168.896653,395.670576,13.852000,30.000000,30.000000,5,6,1,1
288.898791,105.505375,55.338542,312.500000,311.868819,0.376000,-0.205167,-0.222045,5.310806,1335.432153,37.224000,30.000000,29.981907,5,6,1,1
-283.144043,116.877745,61.848958,312.500000,246.597523,3.169133,-82.182845,46.053895,185.981620,629.334387,22.756000,29.997511,30.000000,5,6,1,1
129.244013,-276.186949,68.359375,312.500000,311.285208,0.540000,1.277815,1.675705,10.779186,974.273219,30.616000,30.000000,30.000000,5,6,1,1
90.802332,289.492143,74.869792,312.500000,310.275060,0.700000,3.988554,-2.697574,16.911615,908.041316,29.492000,30.000000,30.000000,5,6,1,1
-261.049452,-151.283493,81.380208,312.500000,310.221338,0.664000,1.677076,0.313202,16.337974,910.817966,29.436000,30.000000,30.000000,5,6,1,1
292.891188,-64.391306,87.890625,312.500000,307.675274,0.957522,-2.974591,-2.226082,30.767947,619.150515,21.556000,30.000000,30.000000,5,6,1,1
-171.331330,243.701187,94.401042,312.500000,287.474549,2.792834,-56.323047,-12.766809,154.724153,455.945100,15.844000,30.000000,30.000000,5,6,1,1
-38.008137,-293.306170,100.911458,312.500000,279.579552,3.094221,-70.552573,-26.646357,178.359055,422.892662,14.596000,30.000000,30.000000,5,6,1,1
224.391314,189.117237,107.421875,312.500000,261.143889,2.755920,0.317260,62.056403,150.346155,305.765812,10.748000,30.000000,30.000000,4,6,0,1
-290.742373,12.023110,113.932292,312.500000,309.417890,0.668000,2.417958,-2.475412,16.022927,913.274639,29.396000,30.000000,30.000000,5,6,1,1
204.395978,-203.401298,120.442708,312.500000,134.726856,4.129731,215.651694,-112.050833,218.828313,329.192872,12.056000,30.000000,30.000000,5,6,1,1
-13.189996,285.245820,126.953125,312.500000,302.114676,2.309150,11.575486,-15.843403,129.239617,917.396236,29.372000,30.000000,30.000000,5,6,1,1
-181.042834,-216.949822,133.463542,312.500000,205.060168,3.762514,-143.577609,-41.581795,232.922500,483.007041,17.048000,30.000000,30.000000,5,6,1,1
276.903341,37.256953,139.973958,312.500000,279.717211,2.915341,5.677282,-18.696984,179.309693,548.796004,18.908000,30.000000,30.000000,5,6,1,1
-226.590473,157.655749,146.484375,312.500000,203.245115,3.732704,-138.180233,-3.552863,233.109946,474.021914,16.616000,30.000000,29.999587,5,6,1,1
59.805690,-265.842290,152.994792,312.500000,274.512061,2.920805,14.393399,2.705461,187.297866,667.915991,22.812000,30.000000,30.000000,5,6,1,1
133.606053,233.160377,159.505208,312.500000,255.238645,3.426988,66.905026,-5.714491,219.808912,540.095112,18.688000,30.000000,30.000000,5,6,1,1
-252.229910,-80.468221,166.015625,312.500000,276.827684,2.706295,-0.987230,35.744787,163.731090,1028.676052,31.576000,30.000000,30.000000,5,6,1,1
236.533189,-109.284333,172.526042,312.500000,269.444939,3.031083,6.862600,31.083835,184.723307,1058.809577,32.288000,30.000000,30.000000,5,6,1,1
-98.881538,236.272381,179.036458,312.500000,227.732859,3.364352,-54.229312,18.378956,227.933176,717.349388,24.584000,30.000000,29.979840,5,6,1,1
-85.104838,-236.613131,185.546875,312.500000,197.334640,4.056594,-102.775370,-59.096200,269.905940,532.230990,18.864000,30.000000,29.999872,5,6,1,1
218.213554,114.686928,192.057292,312.500000,247.566864,3.144855,48.805713,-65.810617,188.744931,963.444314,30.400000,30.000000,30.000000,5,6,1,1
-233.332718,61.505756,198.567708,312.500000,117.433592,4.334112,-183.435242,-22.865989,263.238405,438.036409,15.780000,30.000000,29.998680,5,6,1,1
127.526755,-198.333405,205.078125,312.500000,56.138572,3.986865,169.950743,-194.690930,168.492925,1450.861776,40.744000,30.000000,30.000000,5,6,1,1
38.951563,226.647998,211.588542,312.500000,59.875292,3.958275,48.070408,244.951235,155.313425,958.044603,33.888000,30.000000,30.000000,5,6,1,1
-176.946155,-137.037048,218.098958,312.500000,91.729048,4.413909,-184.926937,-57.073226,262.329180,369.336097,13.048000,30.000000,29.999908,5,6,1,1
216.529605,-17.939035,224.609375,312.500000,225.066626,3.162558,23.784062,92.190507,187.519945,1653.115691,42.084000,30.000000,30.000000,5,6,1,1
-142.832669,154.397930,231.119792,312.500000,127.720770,3.685771,-171.573639,35.681486,193.797440,1588.859128,42.384000,30.000000,30.000000,5,6,1,1
0.990040,-202.946185,237.630208,312.500000,90.750781,3.865577,-76.119861,-155.553970,231.016167,402.745422,14.292000,30.000000,30.000000,5,6,1,1
131.063435,144.478308,244.140625,312.500000,60.947008,4.053581,183.729442,132.083959,216.083370,1731.456159,44.092000,30.000000,30.000000,5,6,1,1
-185.832389,-17.222904,250.651042,312.500000,21.951422,4.004472,-201.343074,-8.849158,237.568078,1775.169468,44.584000,29.999994,30.000000,5,6,1,1
141.429649,-107.340061,257.161458,312.500000,63.740282,3.843978,146.099739,-148.852688,209.018799,1534.761996,41.656000,30.000000,30.000000,5,6,1,1
-30.020937,165.021622,263.671875,312.500000,43.093947,3.907265,-49.888842,189.863136,234.598626,1763.180641,44.404000,30.000000,30.000000,5,6,1,1
-83.633968,-132.902741,270.182292,312.500000,19.182937,3.969965,-81.673163,-148.786177,259.606056,1862.287030,45.512000,30.000000,30.000000,5,6,1,1
140.083942,38.391201,276.692708,312.500000,62.661696,3.820000,180.053158,18.881838,232.552763,1668.531226,43.260000,30.000000,30.000000,5,6,1,1
-117.533723,60.316366,283.203125,312.500000,20.935658,3.935333,-108.752288,79.052289,280.016685,1731.746458,43.292000,30.000000,30.000000,5,6,1,1
40.720627,-109.836899,289.713542,312.500000,17.237967,3.935561,23.555057,-109.654390,291.281160,1270.999220,35.916000,30.000000,29.999985,5,6,1,1
37.529699,92.190771,296.223958,312.500000,7.201212,3.893602,37.171193,85.202945,297.926665,1183.734458,34.248000,30.000000,29.986017,5,6,1,1
-70.044395,-33.195346,302.734375,312.500000,6.374836,3.860981,-74.805522,-29.088612,301.683217,2036.504632,47.336000,29.999284,29.977597,5,6,1,1
42.990986,-13.254581,309.244792,312.500000,1.280907,3.831243,43.644148,-12.154537,309.181489,2064.285770,47.556000,29.999946,30.000000,5,6,1,1
-276.378280,253.185144,11.718750,375.000000,343.262988,3.442627,-123.901606,0.961572,187.683555,329.212074,11.764000,30.000000,30.000000,6,7,1,1
32.740150,-373.057117,19.531250,375.000000,374.868686,0.296000,-0.012869,0.018474,3.149119,755.826740,26.228000,30.000000,30.000000,6,7,1,1
227.557207,296.808081,27.343750,375.000000,343.520340,2.837132,-5.222456,79.839669,156.744525,299.796041,10.500000,30.000000,30.000000,3,7,0,1
-367.641218,-65.030555,35.156250,375.000000,374.715186,0.328000,0.063280,0.021731,3.962134,799.880605,27.012000,30.000000,30.000000,6,7,1,1
314.324257,-199.947363,42.968750,375.000000,338.803009,2.852656,22.885668,-73.540630,160.749757,327.527945,11.204000,30.000000,30.000000,4,7,0,1
-96.454883,358.807358,50.781250,375.000000,374.536134,0.360000,-0.050026,-0.182667,4.851078,727.149089,25.196000,30.000000,30.000000,6,7,1,1
-170.717232,-328.705642,58.593750,375.000000,326.501287,3.585615,-109.878699,-45.125973,208.541524,398.359357,13.988000,30.000000,30.000000,6,7,1,1
346.678550,126.606450,66.406250,375.000000,374.360489,0.379261,-0.219410,-0.228621,5.410786,1417.872632,38.552000,30.000000,30.000000,6,7,1,1
-339.772852,140.253294,74.218750,375.000000,293.018047,3.571158,-99.223022,64.210302,223.258405,628.112752,22.700000,29.999345,30.000000,6,7,1,1
155.092816,-331.424339,82.031250,375.000000,373.672070,0.564000,1.390726,1.835508,11.715125,950.008698,30.068000,30.000000,30.000000,6,7,1,1
108.962798,347.390571,89.843750,375.000000,372.690456,0.715759,4.230696,-2.899729,17.552201,907.825336,29.484000,30.000000,30.000000,6,7,1,1
-313.259342,-181.540192,97.656250,375.000000,372.635667,0.676000,1.793119,0.313654,16.857328,850.722043,28.056000,30.000000,30.000000,6,7,1,1
351.469425,-77.269567,105.468750,375.000000,370.086288,0.992000,-3.561523,-2.448382,32.539490,628.492910,21.884000,30.000000,30.000000,6,7,1,1
-205.597597,292.441424,113.281250,375.000000,341.350686,3.317591,-83.624751,-14.326046,200.095043,459.948259,16.008000,30.000000,30.000000,6,7,1,1
-45.609764,-351.967403,121.093750,375.000000,325.839834,3.781264,-110.367893,-53.926067,235.764337,424.816410,14.692000,30.000000,30.000000,6,7,1,1
269.269576,226.940684,128.906250,375.000000,316.325617,3.016000,-7.949093,79.580920,167.594819,300.356690,10.632000,30.000000,30.000000,5,7,0,1
-348.890848,14.427732,136.718750,375.000000,371.873660,0.676000,2.552055,-2.539068,16.344200,881.438992,28.724000,30.000000,30.000000,6,7,1,1
245.275174,-244.081558,144.531250,375.000000,139.154035,4.640807,263.360994,-155.143067,250.014392,354.250010,13.200000,30.000000,30.000000,6,7,1,1
-15.827995,342.294984,152.343750,375.000000,356.064893,3.281853,20.396601,-4.335316,225.264399,920.271655,29.444000,30.000000,30.000000,6,7,1,1
-217.251401,-260.339786,160.156250,375.000000,234.793355,4.365378,-194.033881,-62.779318,284.890879,482.976466,17.144000,30.000000,30.000000,6,7,1,1
332.284010,44.708344,167.968750,375.000000,332.560087,3.194671,10.696341,-31.000977,205.990874,561.771196,19.420000,30.000000,30.000000,6,7,1,1
-271.908568,189.186899,175.781250,375.000000,232.295848,4.360622,-194.682079,0.931289,287.840412,476.736288,16.740000,30.000000,30.000000,6,7,1,1
71.766828,-319.010748,183.593750,375.000000,324.766661,3.329762,27.024919,-0.470182,228.353703,667.956822,22.860000,30.000000,30.000000,6,7,1,1
160.327263,279.792452,191.406250,375.000000,299.344552,3.820501,91.001512,-3.837973,257.397786,542.924226,18.820000,30.000000,30.000000,6,7,1,1
-302.675892,-96.561865,199.218750,375.000000,328.445823,3.290633,-4.352103,38.708285,223.334348,1049.322912,31.976000,30.000000,30.000000,6,7,1,1
283.839827,-131.141199,207.031250,375.000000,317.451645,3.661179,13.505830,29.076483,252.035375,1079.388193,32.680000,30.000000,30.000000,6,7,1,1
-118.657846,283.526857,214.843750,375.000000,266.704002,3.893169,-81.713203,28.599340,283.967402,728.852125,24.956000,30.000000,29.999996,6,7,1,1
-102.125806,-283.935757,222.656250,375.000000,218.656742,4.569391,-118.754412,-92.784109,327.514763,687.259883,24.468000,30.000000,29.930323,6,7,1,1
261.856265,137.624314,230.468750,375.000000,293.404342,3.669867,62.090317,-76.761980,245.240032,965.752769,30.444000,30.000000,30.000000,6,7,1,1
-279.999261,73.806907,238.281250,375.000000,124.677850,4.839516,-228.238522,-12.276151,312.139894,524.292292,19.336000,30.000000,29.999963,6,7,1,1
153.032106,-238.000086,246.093750,375.000000,61.170954,4.432956,192.532476,-242.399760,199.593758,1298.512191,38.668000,30.000000,30.000000,6,7,1,1
46.741875,271.977597,253.906250,375.000000,90.013680,4.316996,59.630584,289.398101,166.539953,674.754179,29.352000,30.000000,30.000000,6,7,1,1
-212.335386,-164.444458,261.718750,375.000000,89.256074,4.961442,-235.674269,-87.440447,300.349382,377.003116,13.304000,30.000000,29.999480,6,7,1,1
259.835526,-21.526842,269.531250,375.000000,270.146235,3.567185,26.332592,108.224194,229.281574,1668.263077,42.320000,30.000000,30.000000,6,7,1,1
-171.399202,185.277516,277.343750,375.000000,163.094450,4.079643,-210.793325,37.115696,221.702239,1599.588823,42.536000,30.000000,30.000000,6,7,1,1
1.188047,-243.535422,285.156250,375.000000,117.682076,4.235848,-98.381598,-188.123370,255.754530,1488.438969,41.008000,30.000000,30.000000,6,7,1,1
157.276121,173.373969,292.968750,375.000000,72.099717,4.583748,221.877138,155.619898,266.325347,1725.652130,44.036000,30.000000,30.000000,6,7,1,1
-222.998867,-20.667485,300.781250,375.000000,24.179800,4.481347,-241.275059,-14.759495,286.093188,1780.507808,44.664000,30.000000,30.000000,6,7,1,1
169.715579,-128.808073,308.593750,375.000000,92.138697,4.216000,173.131404,-182.366818,233.698273,1305.299587,38.572000,30.000000,30.000000,6,7,1,1
-36.025125,198.025946,316.406250,375.000000,64.218295,4.309961,-65.902399,229.767530,269.248963,1627.619605,42.740000,30.000000,30.000000,6,7,1,1
-100.360762,-159.483289,324.218750,375.000000,28.665823,4.449850,-89.056486,-182.309555,311.069440,1849.818942,45.316000,30.000000,30.000000,6,7,1,1
168.100731,46.069441,332.031250,375.000000,89.035992,4.199221,217.568603,17.059655,263.922735,1481.615741,40.848000,30.000000,30.000000,6,7,1,1
-141.040467,72.379639,339.843750,375.000000,33.970428,4.420580,-120.828287,99.495179,336.649182,1733.974691,43.332000,30.000000,30.000000,6,7,1,1
48.864752,-131.804279,347.656250,375.000000,19.517411,4.433272,31.212168,-125.065191,352.545044,1068.000545,32.352000,30.000000,29.998333,6,7,1,1
45.035639,110.628925,355.468750,375.000000,11.411750,4.367371,50.077982,100.541587,357.214725,1152.942986,33.740000,30.000000,29.984801,6,7,1,1
-84.053274,-39.834415,363.281250,375.000000,17.689513,4.320444,-89.810171,-23.152736,362.057086,1878.969763,45.112000,30.000000,29.999545,6,7,1,1
51.589184,-15.905497,371.093750,375.000000,3.788608,4.285603,54.980831,-14.259438,370.718555,2073.920326,47.684000,30.000000,30.000000,6,7,1,1
-322.441327,295.382668,13.671875,437.500000,392.881678,3.871745,-163.080857,-0.368404,217.366639,327.563371,11.708000,30.000000,30.000000,7,8,1,1
38.196841,-435.233304,22.786458,437.500000,437.366801,0.296000,-0.012849,0.018478,3.149121,755.679576,26.268000,30.000000,30.000000,7,8,1,1
265.483408,346.276094,31.901042,437.500000,399.852966,3.082373,-11.910560,96.065204,174.482567,302.215785,10.556000,30.000000,30.000000,3,8,0,1
-428.914754,-75.868981,41.015625,437.500000,437.212160,0.332000,0.072890,0.019669,4.069898,1196.742735,35.084000,30.000000,30.000000,7,8,1,1
366.711633,-233.271924,50.130208,437.500000,392.972532,3.130428,23.591681,-93.773359,181.417143,326.934252,11.188000,30.000000,30.000000,4,8,0,1
-112.530697,418.608584,59.244792,437.500000,437.031560,0.364000,-0.054604,-0.198966,4.968196,727.659580,25.224000,30.000000,30.000000,7,8,1,1
-199.170104,-383.489916,68.359375,437.500000,374.920879,3.996785,-143.562665,-55.098869,240.501173,397.665114,13.972000,30.000000,30.000000,7,8,1,1
404.458308,147.707525,77.473958,437.500000,436.855559,0.380000,-0.221978,-0.233900,5.432441,1318.103297,36.988000,30.000000,30.000000,7,8,1,1
-396.401660,163.628843,86.588542,437.500000,338.239100,3.969342,-117.935410,83.770242,261.187626,636.060463,22.996000,29.997431,30.000000,7,8,1,1
180.941619,-386.661729,95.703125,437.500000,436.186604,0.564000,1.435044,1.896825,11.688875,900.927395,29.096000,30.000000,30.000000,7,8,1,1
127.123265,405.289000,104.817708,437.500000,435.022195,0.740000,4.407832,-3.074130,18.650507,1122.949478,33.744000,30.000000,30.000000,7,8,1,1
-365.469233,-211.796891,113.932292,437.500000,435.095888,0.684000,1.890437,0.330689,17.199700,863.140853,28.372000,30.000000,30.000000,7,8,1,1
410.047663,-90.147828,123.046875,437.500000,429.679718,2.585734,-14.367472,-28.578147,149.610541,625.345397,21.764000,30.000000,30.000000,7,8,1,1
-239.863863,341.181662,132.161458,437.500000,390.831161,3.829715,-118.781992,-13.010625,244.571426,460.447431,16.048000,30.000000,30.000000,7,8,1,1
-53.211392,-410.628637,141.276042,437.500000,369.248412,4.146868,-144.272228,-73.332400,260.789900,402.350294,13.924000,30.000000,30.000000,7,8,1,1
314.147839,264.764131,150.390625,437.500000,369.929703,3.209725,-10.022398,89.819667,184.391754,317.023152,11.012000,30.000000,30.000000,4,8,0,1
-407.039323,16.832354,159.505208,437.500000,434.404921,0.676000,2.625363,-2.605200,16.310717,969.384308,30.508000,30.000000,30.000000,7,8,1,1
286.154369,-284.761817,168.619792,437.500000,139.980432,5.037053,295.737633,-199.309701,279.076200,418.312132,16.108000,30.000000,30.000000,7,8,1,1
-18.465994,399.344149,177.734375,437.500000,404.380173,3.874650,29.304338,13.934500,290.431857,912.247327,29.300000,30.000000,30.000000,7,8,1,1
-253.459968,-303.729751,186.848958,437.500000,255.379655,5.060902,-262.152874,-100.182805,340.835458,511.704946,18.668000,30.000000,30.000000,7,8,1,1
387.664678,52.159734,195.963542,437.500000,380.119807,3.783197,30.139237,-59.219364,261.242351,546.417293,18.888000,30.000000,30.000000,7,8,1,1
-317.226663,220.718049,205.078125,437.500000,251.977990,5.018599,-266.144400,15.528049,342.120358,488.573965,17.368000,30.000000,30.000000,7,8,1,1
83.727967,-372.179206,214.192708,437.500000,373.971443,3.767659,46.617720,-4.840340,273.687477,667.993147,22.896000,30.000000,30.000000,7,8,1,1
187.048474,326.424527,223.307292,437.500000,341.047775,4.222462,119.658711,-0.053333,295.310149,544.423187,18.968000,30.000000,30.000000,7,8,1,1
-353.121875,-112.655509,232.421875,437.500000,376.343782,3.976645,-16.010586,40.020879,300.836359,1030.273833,31.628000,30.000000,30.000000,7,8,1,1
331.146465,-152.998066,241.536458,437.500000,365.059053,4.207218,27.062116,35.719515,313.553786,1127.937253,33.624000,30.000000,30.000000,7,8,1,1
-138.434154,330.781333,250.651042,437.500000,302.898060,4.428817,-115.507548,42.988103,342.284344,733.814538,25.108000,30.000000,30.000000,7,8,1,1
-119.146774,-331.258383,259.765625,437.500000,231.068442,5.486876,-200.340249,-158.564960,390.062310,539.320919,19.440000,30.000000,30.000000,7,8,1,1
305.498976,160.561700,268.880208,437.500000,337.413743,4.125135,76.825557,-85.767611,298.517559,954.089277,30.212000,30.000000,30.000000,7,8,1,1
-326.665805,86.108058,277.994792,437.500000,124.264651,5.358618,-285.245286,-0.997146,356.344823,546.362378,20.340000,30.000000,30.000000,7,8,1,1
178.537457,-277.666767,287.109375,437.500000,83.249727,4.929864,248.614075,-267.498103,243.332864,1474.058559,41.040000,30.000000,30.000000,7,8,1,1
54.532188,317.307197,296.223958,437.500000,113.733117,4.684000,71.330923,334.866981,185.117350,561.851144,27.252000,30.000000,30.000000,7,8,1,1
-247.724617,-191.851867,305.338542,437.500000,92.749028,5.363637,-283.045934,-107.761798,322.180366,373.397340,13.116000,30.000000,30.000000,7,8,1,1
303.141446,-25.114649,314.453125,437.500000,317.599374,3.939251,21.205989,115.151357,273.134748,1682.356167,42.516000,30.000000,30.000000,7,8,1,1
-199.965736,216.157101,323.567708,437.500000,205.743013,4.437336,-246.396476,29.259904,251.153543,1630.627802,42.940000,30.000000,30.000000,7,8,1,1
1.386055,-284.124659,332.682292,437.500000,152.953754,4.588370,-125.681063,-215.190236,282.713865,1499.528055,41.140000,30.000000,30.000000,7,8,1,1
183.488808,202.269631,341.796875,437.500000,59.478795,5.015256,237.724809,188.293636,321.775515,1747.704837,44.260000,30.000000,30.000000,7,8,1,1
-260.165345,-24.112066,350.911458,437.500000,27.596611,4.956130,-281.041289,-15.566546,335.013597,1752.860400,44.304000,30.000000,30.000000,7,8,1,1
198.001509,-150.276086,360.026042,437.500000,120.358629,4.581988,199.608718,-215.903172,259.146401,1141.621169,36.224000,30.000000,30.000000,7,8,1,1
-42.029312,231.030270,369.140625,437.500000,79.715231,4.740913,-85.416483,263.780323,310.835347,1564.572513,41.916000,30.000000,30.000000,7,8,1,1
-117.087556,-186.063838,378.255208,437.500000,38.748996,4.914445,-94.801205,-214.531876,364.313397,1832.233658,45.116000,30.000000,30.000000,7,8,1,1
196.117519,53.747681,387.369792,437.500000,118.570875,4.556228,255.826199,13.277670,293.262915,1344.230391,38.952000,30.000000,30.000000,7,8,1,1
-164.547212,84.442912,396.484375,437.500000,42.327443,4.864505,-130.384549,109.424936,395.833679,1682.023833,42.512000,30.000000,30.000000,7,8,1,1
57.008877,-153.771658,405.598958,437.500000,14.712250,4.862583,50.046032,-142.043759,411.114889,1105.737917,32.996000,30.000000,29.997573,7,8,1,1
52.541578,129.067079,414.713542,437.500000,13.924806,4.808841,63.345429,120.313771,415.459611,1196.249378,34.492000,30.000000,29.994515,7,8,1,1
-98.062152,-46.473484,423.828125,437.500000,17.940788,4.758246,-102.184474,-29.012720,423.833426,1850.927872,44.672000,30.000000,30.000000,7,8,1,1
60.187381,-18.556413,432.942708,437.500000,4.354098,4.715981,64.434287,-17.745435,432.428635,2086.996265,47.812000,30.000000,30.000000,7,8,1,1
-368.504373,337.580192,15.625000,500.000000,441.205263,4.221118,-198.688906,-2.085581,240.240123,328.121283,11.724000,30.000000,30.000000,9,10,1,1
43.653533,-497.409490,26.041667,500.000000,499.865375,0.296782,-0.013532,0.019275,3.167987,754.409147,26.232000,30.000000,30.000000,8,9,1,1
303.409610,395.744108,36.458333,500.000000,455.366404,3.348680,-20.419758,116.362127,192.787510,301.958796,10.548000,30.000000,30.000000,3,9,0,1
-490.188290,-86.707407,46.875000,500.000000,499.719212,0.328000,0.074073,0.013315,3.960872,1110.931098,33.512000,30.000000,30.000000,8,9,1,1
419.099009,-266.596484,57.291667,500.000000,450.425824,3.394896,19.838734,-114.930405,200.372262,325.975507,11.164000,30.000000,30.000000,4,10,0,1
-128.606511,478.409811,67.708333,500.000000,499.527839,0.364000,-0.056351,-0.199175,4.967942,739.253322,25.536000,30.000000,30.000000,9,10,1,1
-227.622976,-438.274189,78.125000,500.000000,421.811746,4.384667,-181.958683,-65.116874,269.419379,395.617479,13.896000,30.000000,30.000000,8,9,1,1
462.238066,168.808600,88.541667,500.000000,499.373323,0.376000,-0.221929,-0.236348,5.305408,1370.765075,37.768000,30.000000,30.000000,9,10,1,1
-453.030469,187.004392,98.958333,500.000000,384.461041,4.290074,-130.589755,106.113428,292.087643,625.387745,22.548000,30.000000,30.000000,9,10,1,1
206.790421,-441.899119,109.375000,500.000000,498.623480,0.576000,1.490008,1.978805,12.166439,971.128716,30.552000,30.000000,30.000000,9,10,1,1
145.283731,463.187429,119.791667,500.000000,487.291947,4.188587,22.465214,31.449039,309.451934,1204.937357,35.220000,30.000000,30.000000,8,9,1,1
-417.679123,-242.053589,130.208333,500.000000,497.489474,0.696000,1.971915,0.310211,17.742467,985.340312,30.932000,30.000000,30.000000,9,10,1,1
468.625900,-103.026090,140.625000,500.000000,483.750784,3.568000,-2.645454,-64.013210,242.586403,618.879054,21.544000,30.000000,30.000000,9,10,1,1
-274.130129,389.921899,151.041667,500.000000,440.511688,4.220000,-149.814335,-12.943130,278.697057,464.745379,16.212000,30.000000,30.000000,8,9,1,1
-60.813019,-469.289871,161.458333,500.000000,415.312045,4.635454,-179.613818,-97.511530,303.413713,425.419348,14.752000,30.000000,30.000000,8,9,1,1
359.026102,302.587579,171.875000,500.000000,426.302768,3.447238,-21.500577,112.128848,197.545397,302.287438,10.660000,30.000000,30.000000,4,10,0,1
-465.187798,19.236976,182.291667,500.000000,484.780760,4.423320,-9.356264,-0.136213,346.165635,861.989860,28.300000,30.000000,30.000000,9,10,1,1
327.033565,-325.442077,192.708333,500.000000,139.191629,5.453593,332.523921,-244.484997,305.801732,468.396068,18.684000,30.000000,30.000000,9,10,1,1
-21.103993,456.393313,203.125000,500.000000,451.975058,4.277930,40.261677,29.058213,336.917451,922.635792,29.516000,30.000000,30.000000,8,9,1,1
-289.668535,-347.119715,213.541667,500.000000,271.445359,5.642007,-323.454873,-139.836031,385.514166,504.749853,18.436000,30.000000,30.000000,8,9,1,1
443.045346,59.611125,223.958333,500.000000,429.428199,4.113542,42.241456,-78.872535,291.686436,539.622521,18.640000,30.000000,30.000000,9,10,1,1
-362.544757,252.249199,234.375000,500.000000,271.859658,5.626607,-338.027971,27.606634,385.511755,479.725264,17.004000,30.000000,30.000000,9,10,1,1
95.689105,-425.347664,244.791667,500.000000,420.970099,4.129172,67.744888,-10.703325,311.911090,667.052671,22.884000,30.000000,30.000000,8,9,1,1
213.769684,373.056603,255.208333,500.000000,383.973778,4.576214,150.263991,1.519211,328.439856,545.055229,19.024000,30.000000,30.000000,9,10,1,1
-403.567857,-128.749153,265.625000,500.000000,419.431695,4.505078,-34.508283,44.835183,363.535451,1005.759168,31.176000,30.000000,30.000000,8,9,1,1
378.453103,-174.854932,276.041667,500.000000,408.830680,4.645722,28.035575,14.500204,368.208437,1108.643512,33.220000,30.000000,30.000000,9,10,1,1
-158.210461,378.035809,286.458333,500.000000,338.983664,4.849856,-146.800378,55.180837,389.144270,736.119558,25.192000,30.000000,30.000000,9,10,1,1
-136.167741,-378.581009,296.875000,500.000000,241.906430,6.064714,-238.003874,-214.147694,442.167146,563.559085,20.404000,30.000000,30.000000,8,9,1,1
349.141687,183.499085,307.291667,500.000000,379.750562,4.581278,94.991311,-94.616464,354.934262,949.532189,30.124000,30.000000,30.000000,9,10,1,1
-373.332349,98.409209,317.708333,500.000000,102.385654,5.926628,-374.704234,9.032245,367.635265,416.877523,14.964000,30.000000,29.999017,9,10,1,1
204.042808,-317.333448,328.125000,500.000000,75.495327,5.407069,269.449122,-317.311174,290.421447,1488.629110,41.220000,30.000000,30.000000,9,10,1,1
62.322501,362.636796,338.541667,500.000000,156.851659,4.960640,82.449270,374.390390,183.431354,417.336725,24.416000,30.000000,29.999997,9,10,1,1
-283.113848,-219.259277,348.958333,500.000000,99.532234,5.721352,-326.968170,-130.668747,337.331558,401.523674,15.592000,30.000000,30.000000,9,10,1,1
346.447367,-28.702456,359.375000,500.000000,363.988793,4.247717,17.392704,119.187461,311.007218,1741.841615,43.392000,30.000000,30.000000,9,10,1,1
-228.532270,247.036687,369.791667,500.000000,243.568783,4.804000,-284.441797,26.318253,283.285889,1642.839426,43.112000,30.000000,30.000000,8,9,1,1
1.584063,-324.713896,380.208333,500.000000,185.431560,4.947062,-151.905860,-248.178724,309.723765,1521.643449,41.432000,30.000000,30.000000,9,10,1,1
209.701495,231.165292,390.625000,500.000000,55.256559,5.493112,262.059695,220.959069,376.211841,1751.852977,44.340000,30.000000,30.000000,8,9,1,1
-297.331823,-27.556647,401.041667,500.000000,26.050774,5.403539,-317.498872,-18.083855,387.543549,1755.648445,44.328000,30.000000,30.000000,8,9,1,1
226.287438,-171.744098,411.458333,500.000000,152.389751,4.904000,226.984680,-247.487770,279.227300,1032.584315,34.588000,30.000000,29.999999,9,10,1,1
-48.033500,264.034595,421.875000,500.000000,115.302506,5.016000,-90.470540,309.872385,324.959251,1248.461981,37.592000,30.000000,29.999179,9,10,1,1
-133.814349,-212.644386,432.291667,500.000000,48.623849,5.340569,-104.198909,-247.442692,415.669924,1838.288004,45.216000,30.000000,30.000000,9,10,1,1
224.134307,61.425921,442.708333,500.000000,153.290277,4.864000,294.878929,14.121509,315.211666,1197.980357,36.884000,30.000000,30.000000,8,9,1,1
-188.053956,96.506186,453.125000,500.000000,60.013276,5.248699,-135.520594,125.483785,451.662849,1808.357499,44.348000,30.000000,30.000000,9,10,1,1
65.153003,-175.739038,463.541667,500.000000,17.375947,5.347007,59.197668,-160.888742,470.318555,1162.665808,34.048000,30.000000,29.997767,9,10,1,1
60.047518,147.505233,473.958333,500.000000,17.045797,5.250342,76.026702,141.590914,473.462647,1372.485214,37.476000,30.000000,29.997754,9,10,1,1
-112.071031,-53.112553,484.375000,500.000000,19.698637,5.177073,-113.404132,-33.467510,484.950697,1859.060140,44.756000,30.000000,30.000000,9,10,1,1
68.785578,-21.207329,494.791667,500.000000,2.621757,5.141124,69.833720,-23.590672,494.483963,2073.201836,47.640000,29.999999,30.000000,9,10,1,1
