target_x,target_y,target_z,target_radius,miss_distance,t_closest,closest_x,closest_y,closest_z,apogee,impact_time,max_gimbal_pitch_deg,max_gimbal_yaw_deg,waypoint_index,waypoint_count,final_waypoint_reached,ground_terminated,terminal_guidance
0.000000,0.000000,20.000000,20.000000,0.030466,0.728875,0.030263,-0.003511,19.999927,2264.018318,49.869000,30.000000,25.642675,0,1,1,1,1
57.779758,21.101075,11.067708,62.500000,48.766155,1.431662,27.119048,12.940299,48.100944,147.145040,10.053000,30.000000,29.976077,0,1,1,1,1
-56.628809,23.375549,12.369792,62.500000,50.433935,1.282722,-21.229701,3.180385,42.079054,306.428368,17.496000,29.988411,29.999054,0,1,1,1,1
25.848803,-55.237390,13.671875,62.500000,49.799370,1.360605,11.539151,-21.731193,47.621041,221.849464,13.724000,30.000000,29.998494,0,1,1,1,1
18.160466,57.898429,14.973958,62.500000,44.138901,1.475210,12.251844,30.913501,49.399886,150.272234,10.387000,30.000000,29.999162,0,1,1,1,1
-52.209890,-30.256699,16.276042,62.500000,46.805554,1.350286,-21.543240,-9.659487,45.017497,315.175279,17.933000,29.995779,29.999561,0,1,1,1,1
58.578238,-12.878261,17.578125,62.500000,40.921732,1.514130,33.835488,-12.080391,50.162599,141.748236,10.105000,30.000000,29.978440,0,1,1,1,1
-34.266266,48.740237,18.880208,62.500000,49.753169,1.208572,-15.002914,8.786963,41.419883,575.214666,24.781000,29.998873,29.997651,0,1,1,1,1
-7.601627,-58.661234,20.182292,62.500000,49.433927,1.203275,-7.366449,-14.340710,42.076332,654.650482,26.386000,30.000000,29.997698,0,1,1,1,1
44.878263,37.823447,21.484375,62.500000,36.095274,1.540439,26.690832,27.177255,50.788722,145.552308,10.455000,30.000000,29.966863,0,1,1,1,1
-58.148475,2.404622,22.786458,62.500000,41.146338,1.441475,-26.752194,0.457444,49.310092,347.375540,19.165000,29.997348,29.999808,0,1,1,1,1
40.879196,-40.680260,24.088542,62.500000,33.017944,1.552635,28.899725,-26.074607,51.169010,155.554231,11.134000,30.000000,29.999195,0,1,1,1,1
-2.637999,57.049164,25.390625,62.500000,41.157282,1.439142,-1.060264,26.486869,52.911140,332.099954,18.484000,29.999999,29.998818,0,1,1,1,1
-36.208567,-43.389964,26.692708,62.500000,38.727473,1.442410,-23.674113,-15.003158,49.863679,375.179738,20.108000,29.980856,29.999091,0,1,1,1,1
55.380668,7.451391,27.994792,62.500000,34.286298,1.534234,33.284116,5.496765,54.138089,216.733416,14.085000,30.000000,29.818283,0,1,1,1,1
-45.318095,31.531150,29.296875,62.500000,36.943303,1.456340,-27.468545,7.478255,50.922310,419.261690,21.386000,29.979812,29.998932,0,1,1,1,1
11.961138,-53.168458,30.598958,62.500000,36.696489,1.460076,4.762307,-26.360383,54.601796,423.668760,21.324000,29.998766,29.998865,0,1,1,1,1
26.721211,46.632075,31.901042,62.500000,23.994993,1.569735,20.791749,34.474244,51.719929,190.956893,13.303000,30.000000,29.997789,0,1,1,1,1
-50.445982,-16.093644,33.203125,62.500000,30.532111,1.545290,-29.319839,-9.573357,54.259757,434.756425,21.852000,29.998300,29.999913,0,1,1,1,1
47.306638,-21.856867,34.505208,62.500000,21.495103,1.573619,35.325322,-18.769636,52.082367,205.801837,14.088000,30.000000,29.984308,0,1,1,1,1
-19.776308,47.254476,35.807292,62.500000,34.537716,1.427538,-13.500274,18.896292,54.496288,770.541189,28.659000,30.000000,29.998611,0,1,1,1,1
-17.020968,-47.322626,37.109375,62.500000,31.863949,1.462160,-17.488255,-20.273040,53.944243,675.836954,26.981000,30.000000,29.998553,0,1,1,1,1
43.642711,22.937386,38.411458,62.500000,18.482889,1.583630,32.722115,20.809588,53.170531,249.394774,16.120000,30.000000,29.997967,0,1,1,1,1
-46.666544,12.301151,39.713542,62.500000,22.289377,1.560679,-32.585803,4.044516,54.891718,514.786120,23.857000,29.992263,29.999751,0,1,1,1,1
25.505351,-39.666681,41.015625,62.500000,17.812037,1.551469,21.041798,-28.954718,54.528553,352.898019,19.652000,30.000000,29.999272,0,1,1,1,1
7.790313,45.329600,42.317708,62.500000,17.123170,1.544053,7.590523,33.868913,55.038388,399.755117,20.986000,30.000000,29.999272,0,1,1,1,1
-35.389231,-27.407410,43.619792,62.500000,17.326627,1.561956,-28.747558,-16.204844,55.047945,598.841866,25.658000,30.000000,29.999730,0,1,1,1,1
43.305921,-3.587807,44.921875,62.500000,11.481349,1.554422,36.063945,-3.571776,53.831134,391.532523,20.852000,30.000000,29.991362,0,1,1,1,1
-28.566534,30.879586,46.223958,62.500000,19.800358,1.508634,-24.213277,14.582128,56.591995,902.518235,31.062000,30.000000,29.998974,0,1,1,1,1
0.198008,-40.589237,47.526042,62.500000,18.629066,1.491243,-3.094214,-25.509724,57.957325,977.943795,32.228000,30.000000,29.999178,0,1,1,1,1
26.212687,28.895662,48.828125,62.500000,4.133609,1.522693,24.130494,27.017321,51.865070,644.986736,26.516000,30.000000,29.940468,0,1,1,1,1
-37.166478,-3.444581,50.130208,62.500000,10.016026,1.513792,-29.062102,-5.681736,55.574014,932.394742,31.648000,30.000000,29.932461,0,1,1,1,1
28.285930,-21.468012,51.432292,62.500000,2.753726,1.499405,26.990474,-19.797206,53.196720,916.973496,31.254000,30.000000,29.978320,0,1,1,1,1
-6.004187,33.004324,52.734375,62.500000,8.713635,1.493458,-6.060279,25.868211,57.734393,1100.986612,34.170000,30.000000,29.998994,0,1,1,1,1
-16.726794,-26.580548,54.036458,62.500000,7.537261,1.502860,-17.710724,-19.808067,57.194889,1400.219822,38.670000,30.000000,29.999405,0,1,1,1,1
28.016788,7.678240,55.338542,62.500000,1.693537,1.472517,26.764060,7.031376,56.276788,1215.289292,35.821000,30.000000,18.939424,0,1,1,1,1
-23.506745,12.063273,56.640625,62.500000,4.382667,1.491436,-22.859267,7.892201,57.819906,1627.537843,41.833000,30.000000,29.983448,0,1,1,1,1
8.144125,-21.967380,57.942708,62.500000,3.123391,1.452642,6.415069,-19.656070,59.135930,1753.114380,43.376000,30.000000,29.982435,0,1,1,1,1
7.505940,18.438154,59.244792,62.500000,2.122023,1.438279,6.224161,16.903736,59.955836,1834.851901,44.409000,30.000000,23.568193,0,1,1,1,1
-14.008879,-6.639069,60.546875,62.500000,1.842504,1.431236,-12.564379,-5.567151,60.945917,2097.269856,47.959000,30.000000,29.883054,0,1,1,1,1
8.598197,-2.650916,61.848958,62.500000,0.695224,1.417485,7.911728,-2.691050,61.951356,2160.328511,48.577000,30.000000,29.567628,0,1,1,1,1
-122.547073,-21.676852,11.718750,125.000000,92.719715,2.217691,-72.258614,-10.067981,88.746347,172.888938,10.122000,29.999999,29.900515,0,2,0,1,1
104.774752,-66.649121,14.322917,125.000000,67.382315,2.445287,89.503677,-59.555852,79.567504,91.849956,6.608000,30.000000,29.995424,0,2,0,1,1
-32.151628,119.602453,16.927083,125.000000,96.793631,2.165558,-24.738835,60.342683,93.100157,197.906817,11.003000,30.000000,29.998865,0,2,0,1,1
-56.905744,-109.568547,19.531250,125.000000,89.786773,2.375758,-56.041132,-58.642794,93.473692,157.775247,9.491000,29.996538,29.999034,0,2,0,1,1
115.559517,42.202150,22.135417,125.000000,63.564668,2.483525,98.627263,39.785084,83.355704,98.166684,6.980000,30.000000,29.999408,0,2,0,1,1
-113.257617,46.751098,24.739583,125.000000,76.477384,2.445818,-87.207916,21.360234,92.011474,140.403203,8.964000,29.999999,29.999669,0,2,0,1,1
51.697605,-110.474780,27.343750,125.000000,70.961310,2.401244,41.515680,-84.055960,92.412037,132.950382,8.650000,30.000000,29.999342,0,2,0,1,1
36.320933,115.796857,29.947917,125.000000,56.206085,2.465321,34.121897,100.063714,83.862260,102.428240,7.443000,30.000000,29.998953,0,2,0,1,1
-104.419781,-60.513397,32.552083,125.000000,68.064638,2.461510,-82.230659,-38.806363,93.126356,147.498613,9.491000,29.999999,29.999889,0,2,0,1,1
117.156475,-25.756522,35.156250,125.000000,47.498319,2.490081,105.289443,-26.471665,81.142687,95.452977,7.235000,30.000000,29.999046,0,2,0,1,1
-68.532532,97.480475,37.760417,125.000000,81.043777,2.308564,-53.750984,47.569131,99.876899,234.808872,13.453000,29.988542,29.998974,0,2,0,1,1
-15.203255,-117.322468,40.364583,125.000000,81.339882,2.252677,-21.583527,-63.151235,100.704836,277.164713,15.421000,29.987633,29.999034,0,2,0,1,1
89.756525,75.646895,42.968750,125.000000,38.509734,2.469104,80.864193,71.637532,80.222623,97.181998,7.618000,30.000000,29.996231,0,2,0,1,1
-116.296949,4.809244,45.572917,125.000000,52.662439,2.491306,-93.894445,0.347132,93.023416,151.896951,10.106000,29.999999,29.999923,0,2,0,1,1
81.758391,-81.360519,48.177083,125.000000,33.193503,2.447560,76.647352,-74.364384,80.219867,102.291369,8.146000,30.000000,29.997182,0,2,0,1,1
-5.275998,114.098328,50.781250,125.000000,53.350344,2.405426,-4.428581,89.723310,98.230165,177.881311,11.323000,30.000000,29.999195,0,2,0,1,1
-72.417134,-86.779929,53.385417,125.000000,50.200978,2.478275,-68.139847,-60.470894,95.925723,175.969345,11.463000,29.998851,29.999688,0,2,0,1,1
110.761337,14.902781,55.989583,125.000000,38.744463,2.428520,96.614988,13.023031,92.010143,146.812290,10.299000,30.000000,29.804475,0,2,0,1,1
-90.636189,63.062300,58.593750,125.000000,47.448902,2.466396,-80.216865,38.348278,97.735201,200.891834,12.928000,29.997549,29.999626,0,2,0,1,1
23.922276,-106.336916,61.197917,125.000000,45.469910,2.400473,16.979056,-85.022519,100.758009,218.779993,13.819000,30.000000,29.999127,0,2,0,1,1
53.442421,93.264151,63.802083,125.000000,16.305188,2.396402,51.648270,88.724042,79.359320,132.272104,10.495000,30.000000,29.993678,0,2,0,1,1
-100.891964,-32.187288,66.406250,125.000000,33.190089,2.469299,-87.184675,-24.930888,95.749680,213.436985,14.072000,29.999945,29.998806,0,2,0,1,1
94.613276,-43.713733,69.010417,125.000000,12.128919,2.384439,90.853883,-42.301877,80.455254,162.517365,12.357000,30.000000,29.981024,0,2,0,1,1
-39.552615,94.508952,71.614583,125.000000,45.802255,2.359352,-36.037423,65.564082,106.937161,363.576271,19.532000,29.994670,29.999227,0,2,0,1,1
-34.041935,-94.645252,74.218750,125.000000,41.306922,2.382845,-37.060313,-67.549147,105.250223,373.524325,19.989000,29.990025,29.999451,0,2,0,1,1
87.285422,45.874771,76.822917,125.000000,8.548061,2.371708,84.057026,44.669839,84.645636,244.486679,16.369000,30.000000,29.996195,0,2,0,1,1
-93.333087,24.602302,79.427083,125.000000,20.944473,2.406417,-84.094279,17.558353,96.854021,350.918160,19.780000,29.997876,29.999827,0,2,0,1,1
51.010702,-79.333362,82.031250,125.000000,8.212896,2.341158,49.933333,-75.568002,89.250184,325.276711,19.140000,30.000000,29.997125,0,2,0,1,1
15.580625,90.659199,84.635417,125.000000,7.881408,2.332948,15.932492,86.684645,91.432159,380.074961,20.687000,30.000000,29.997239,0,2,0,1,1
-70.778462,-54.814819,87.239583,125.000000,15.521367,2.368084,-66.245771,-46.438816,99.495607,508.274628,23.789000,29.995509,29.999779,0,2,0,1,1
86.611842,-7.175614,89.843750,125.000000,3.087590,2.294010,84.941502,-6.257408,92.272757,589.736653,25.500000,30.000000,29.822708,0,2,0,1,1
-57.133067,61.759172,92.447917,125.000000,20.797686,2.329363,-52.467749,47.758725,107.102814,687.556623,27.309000,30.000000,29.999301,0,2,0,1,1
0.396016,-81.178474,95.052083,125.000000,15.917080,2.312690,-2.459498,-70.694580,106.683396,707.005438,27.689000,30.000000,29.998666,0,2,0,1,1
52.425374,57.791323,97.656250,125.000000,2.614192,2.232261,51.309430,56.312080,99.500296,938.690936,31.628000,30.000000,29.742193,0,2,0,1,1
-74.332956,-6.889162,100.260417,125.000000,6.526477,2.290730,-69.496780,-7.403410,104.612640,939.017203,31.753000,30.000000,29.918155,0,2,0,1,1
56.571860,-42.936024,102.864583,125.000000,2.667452,2.216258,54.729735,-42.009061,104.556510,1141.783339,34.768000,30.000000,29.870121,0,2,0,1,1
-12.008375,66.008649,105.468750,125.000000,4.695720,2.247227,-12.940339,62.330790,108.235443,1176.811707,35.356000,30.000000,29.996552,0,2,0,1,1
-33.453587,-53.161096,108.072917,125.000000,4.754074,2.259392,-31.538411,-49.715577,110.730307,1377.612163,38.343000,30.000000,29.998836,0,2,0,1,1
56.033577,15.356480,110.677083,125.000000,1.900832,2.187218,54.460711,15.020869,111.690305,1442.424543,39.071000,30.000000,3.503468,0,2,0,1,1
-47.013489,24.126546,113.281250,125.000000,3.243506,2.240846,-44.015512,24.609037,114.421281,1646.023713,42.076000,30.000000,29.937644,0,2,0,1,1
16.288251,-43.934760,115.885417,125.000000,4.312352,2.193327,13.742004,-40.831077,117.460270,1793.769528,43.921000,30.000000,27.437040,0,2,0,1,1
15.011880,36.876308,118.489583,125.000000,2.730425,2.170998,13.662357,34.687016,119.406649,1889.675980,45.132000,30.000000,19.853725,0,2,0,1,1
-28.017758,-13.278138,121.093750,125.000000,2.784595,2.183866,-25.385462,-12.670605,121.768948,2049.641309,47.336000,30.000000,29.775341,0,2,0,1,1
17.196395,-5.301832,123.697917,125.000000,0.827263,2.150434,16.640250,-4.700449,123.813695,2173.717257,48.744000,30.000000,29.917563,0,2,0,1,1
113.778604,148.404040,13.671875,187.500000,75.297856,3.186250,111.734575,148.012764,88.940965,89.031669,5.946000,30.000000,29.994512,0,3,0,1,1
-183.820609,-32.515277,17.578125,187.500000,108.966160,3.167103,-156.320699,-23.883457,122.663189,142.170014,8.231000,30.000000,29.998256,0,3,0,1,1
157.162128,-99.973682,21.484375,187.500000,67.016407,3.179717,155.477498,-100.038965,88.479573,88.571645,5.991000,30.000000,29.993928,0,3,0,1,1
-48.227442,179.403679,25.390625,187.500000,117.929107,3.079389,-46.683403,135.840670,134.967787,170.764770,9.119000,30.000000,29.999195,0,3,0,1,1
-85.358616,-164.352821,29.296875,187.500000,98.212901,3.358466,-98.658848,-138.067521,122.987646,132.266504,7.753000,30.000000,29.999983,0,3,0,1,1
173.339275,63.303225,33.203125,187.500000,61.099834,3.211361,170.374105,63.628009,94.230103,94.705129,6.375000,30.000000,29.999549,0,3,0,1,1
-169.886426,70.126647,37.109375,187.500000,80.870333,3.331227,-163.959887,52.811651,115.881692,122.795544,7.569000,30.000000,29.999792,0,3,0,1,1
77.546408,-165.712170,41.015625,187.500000,72.133517,3.164547,74.728360,-154.137247,112.158608,119.218987,7.517000,30.000000,29.999054,0,3,0,1,1
54.481399,173.695286,44.921875,187.500000,49.375577,3.162829,54.444544,170.552084,94.197290,95.185468,6.612000,30.000000,29.998432,0,3,0,1,1
-156.629671,-90.770096,48.828125,187.500000,67.357863,3.276392,-150.392312,-77.678231,114.606390,123.645957,7.916000,30.000000,29.999893,0,3,0,1,1
175.734713,-38.634784,52.734375,187.500000,37.933202,3.155527,173.769321,-39.046650,90.614389,91.300921,6.648000,30.000000,29.996946,0,3,0,1,1
-102.798798,146.220712,56.640625,187.500000,92.368894,3.198137,-99.873253,108.529218,140.918766,184.953186,10.203000,30.000000,29.999272,0,3,0,1,1
-22.804882,-175.983702,60.546875,187.500000,94.323110,3.120400,-33.879909,-134.886751,144.720704,208.657212,11.322000,30.000000,29.999301,0,3,0,1,1
134.634788,113.470342,64.453125,187.500000,26.873869,3.104980,132.550633,112.668482,91.234054,93.580316,7.247000,30.000000,29.989451,0,3,0,1,1
-174.445424,7.213866,68.359375,187.500000,49.080567,3.228314,-163.870371,3.626375,116.152683,132.062532,8.843000,30.000000,29.999909,0,3,0,1,1
122.637587,-122.040779,72.265625,187.500000,19.600254,3.064795,121.491484,-120.103422,91.736194,97.834377,7.970000,30.000000,29.996028,0,3,0,1,1
-7.913997,171.147492,76.171875,187.500000,48.711706,3.119645,-6.812273,158.820740,123.285224,149.688173,9.690000,30.000000,29.998932,0,3,0,1,1
-108.625701,-130.169893,80.078125,187.500000,48.306227,3.216353,-111.142923,-111.912767,124.730477,155.025578,9.989000,29.998365,29.999756,0,3,0,1,1
166.142005,22.354172,83.984375,187.500000,30.009894,3.066584,159.788219,21.675396,113.306080,137.331887,9.758000,30.000000,27.177243,0,3,0,1,1
-135.954284,94.593450,87.890625,187.500000,45.259932,3.191672,-133.204035,75.482367,128.825502,177.173088,11.481000,29.996222,29.999695,0,3,0,1,1
35.883414,-159.505374,91.796875,187.500000,37.891858,3.092426,31.505697,-148.713869,127.854772,178.269563,11.627000,30.000000,29.998888,0,3,0,1,1
80.163632,139.896226,95.703125,187.500000,4.392182,2.965642,80.106184,138.428914,99.842564,210.287292,15.234000,30.000000,29.991266,0,3,0,1,1
-151.337946,-48.280933,99.609375,187.500000,25.820264,3.126839,-144.274776,-43.627705,124.004972,195.415155,13.207000,30.000000,29.996160,0,3,0,1,1
141.919913,-65.570600,103.515625,187.500000,3.343536,2.951356,141.079684,-64.446854,106.550496,293.448867,18.422000,29.999127,29.950525,0,3,0,1,1
-59.328923,141.763429,107.421875,187.500000,42.210984,3.074366,-59.138553,121.757241,144.590187,288.808843,16.974000,30.000000,29.999072,0,3,0,1,1
-51.062903,-141.967878,111.328125,187.500000,37.018699,3.095256,-55.869859,-123.842562,143.245991,288.798049,17.082000,29.997799,29.999381,0,3,0,1,1
130.928132,68.812157,115.234375,187.500000,3.042596,2.928945,130.016297,67.573085,117.859379,428.301241,22.069000,29.997554,29.977270,0,3,0,1,1
-139.999631,36.903453,119.140625,187.500000,13.294220,3.033682,-134.977732,33.256572,130.897201,372.918794,20.553000,29.998021,29.999800,0,3,0,1,1
76.516053,-119.000043,123.046875,187.500000,2.792963,2.909462,75.949812,-117.671284,125.437359,543.315515,24.616000,29.949313,29.995605,0,3,0,1,1
23.370938,135.988799,126.953125,187.500000,4.000890,2.905627,22.824304,133.854421,130.292698,626.764339,26.282000,30.000000,29.995947,0,3,0,1,1
-106.167693,-82.222229,130.859375,187.500000,8.812691,2.976340,-102.750189,-78.679556,138.169208,589.781297,25.573000,29.992915,29.999740,0,3,0,1,1
129.917763,-10.763421,134.765625,187.500000,3.034938,2.853776,128.047277,-10.632142,137.152023,794.633954,29.268000,30.000000,25.407766,0,3,0,1,1
-85.699601,92.638758,138.671875,187.500000,11.510591,2.969672,-83.525087,85.831631,147.695634,671.602530,27.094000,30.000000,29.999195,0,3,0,1,1
0.594024,-121.767711,142.578125,187.500000,9.045741,2.924728,-2.040527,-116.307372,149.291490,812.532954,29.627000,30.000000,29.998300,0,3,0,1,1
78.638061,86.686985,146.484375,187.500000,2.669942,2.814628,77.204239,85.388475,148.324652,1089.658254,34.003000,30.000000,29.467449,0,3,0,1,1
-111.499434,-10.333742,150.390625,187.500000,4.710221,2.887353,-108.878978,-7.350671,152.924531,1086.707667,34.091000,30.000000,29.847992,0,3,0,1,1
84.857789,-64.404037,154.296875,187.500000,2.893547,2.802310,82.652190,-63.719754,156.040349,1283.503442,36.872000,30.000000,29.704019,0,3,0,1,1
-18.012562,99.012973,158.203125,187.500000,4.144942,2.837288,-17.849168,95.720896,160.716305,1333.620301,37.657000,30.000000,29.994938,0,3,0,1,1
-50.180381,-79.741645,162.109375,187.500000,4.725217,2.858494,-48.092100,-76.392383,164.707298,1438.770732,39.196000,30.000000,29.995337,0,3,0,1,1
84.050365,23.034721,166.015625,187.500000,2.009497,2.777719,82.427475,22.471201,167.058098,1551.013941,40.583000,30.000000,3.261050,0,3,0,1,1
-70.520234,36.189820,169.921875,187.500000,3.656878,2.838810,-67.188798,36.097200,171.427103,1685.837507,42.588000,30.000000,29.364514,0,3,0,1,1
24.432376,-65.902139,173.828125,187.500000,3.773970,2.790619,23.623354,-62.529883,175.316823,1826.296670,44.348000,30.000000,29.128072,0,3,0,1,1
22.517819,55.314462,177.734375,187.500000,2.772003,2.771138,22.633301,52.688950,178.616050,1925.375499,45.602000,30.000000,19.638768,0,3,0,1,1
-42.026637,-19.917207,181.640625,187.500000,4.313936,2.794430,-40.248854,-16.085788,182.517982,2044.133953,47.242000,30.000000,29.564387,0,3,0,1,1
25.794592,-7.952748,185.546875,187.500000,0.878739,2.748515,24.926073,-7.968986,185.679513,2188.966403,48.937000,30.000000,29.679064,0,3,0,1,1
21.826766,-248.704745,13.020833,250.000000,145.327418,3.793755,8.298590,-225.306410,155.812867,164.079178,8.235000,30.000000,29.999195,0,4,0,1,1
151.704805,197.872054,18.229167,250.000000,66.553852,3.770531,156.903560,204.744352,84.222800,88.766487,5.739000,30.000000,29.993678,0,4,0,1,1
-245.094145,-43.353703,23.437500,250.000000,113.713698,3.870617,-235.804090,-37.775895,136.633737,138.888543,7.726000,30.000000,29.996589,0,4,0,1,1
209.549505,-133.298242,28.645833,250.000000,55.561812,3.744586,215.349815,-136.910073,83.785892,88.034521,5.783000,30.000000,29.993006,0,5,0,1,1
-64.303256,239.204905,33.854167,250.000000,124.361145,3.812823,-68.469257,217.105930,156.165140,164.277896,8.432000,30.000000,29.999329,0,5,0,1,1
-113.811488,-219.137095,39.062500,250.000000,97.443831,4.035731,-133.525192,-208.286988,133.872548,134.045669,7.458000,30.000000,29.999859,0,4,0,1,1
231.119033,84.404300,44.270833,250.000000,48.545773,3.763446,235.107754,86.029817,92.625149,94.963215,6.176000,30.000000,29.999306,0,5,0,1,1
-226.515234,93.502196,49.479167,250.000000,75.323622,3.959873,-231.458755,83.333178,123.949300,123.950197,7.277000,30.000000,29.999840,0,5,0,1,1
103.395211,-220.949559,54.687500,250.000000,64.190108,3.762728,105.368911,-219.269771,118.825264,118.862336,7.171000,30.000000,29.998910,0,5,0,1,1
72.641866,231.593714,59.895833,250.000000,33.037430,3.690304,73.186451,233.476987,92.875046,94.055646,6.469000,30.000000,29.998081,0,4,0,1,1
-208.839562,-121.026795,65.104167,250.000000,57.925340,3.879151,-210.596573,-115.608664,122.748783,122.973019,7.539000,30.000000,29.999884,0,5,0,1,1
234.312950,-51.513045,70.312500,250.000000,21.631166,3.657846,234.997821,-51.627840,91.932516,92.338312,6.819000,30.000000,29.995053,0,5,0,1,1
-137.065064,194.960950,75.520833,250.000000,91.769226,3.877153,-141.329422,171.430857,164.119596,177.340651,9.422000,30.000000,29.999405,0,4,0,1,1
-30.406510,-234.644936,80.729167,250.000000,93.870926,3.821655,-41.681643,-211.039310,170.881241,192.287456,10.031000,30.000000,29.999355,0,4,0,1,1
179.513051,151.293789,85.937500,250.000000,9.912071,3.581092,178.627009,151.601550,95.805092,97.623747,8.223000,30.000000,29.982641,0,5,0,1,1
-232.593899,9.618488,91.145833,250.000000,36.938726,3.789680,-229.239187,6.969250,127.836390,131.098032,8.609000,30.000000,29.999899,0,5,0,1,1
163.516783,-162.721039,96.354167,250.000000,5.287415,3.540262,162.787177,-162.520538,101.587162,117.204983,9.965000,30.000000,29.995236,0,5,0,1,1
-10.551997,228.196656,101.562500,250.000000,33.012823,3.668373,-9.611231,224.127161,134.310029,142.085933,9.308000,30.000000,29.998744,0,4,0,1,1
-144.834267,-173.559858,106.770833,250.000000,37.556498,3.793812,-150.431328,-162.809258,142.317817,153.536744,9.815000,30.000000,29.999740,0,4,0,1,1
221.522673,29.805562,111.979167,250.000000,15.295345,3.557011,219.119531,29.037843,127.065024,149.869709,10.893000,30.000000,16.884383,0,5,0,1,1
-181.272379,126.124600,117.187500,250.000000,33.498943,3.766640,-183.528367,113.844923,148.272854,170.256637,10.948000,30.000000,29.999682,0,5,0,1,1
47.844552,-212.673832,122.395833,250.000000,22.760363,3.629099,46.054852,-208.202728,144.640840,177.234640,11.873000,30.000000,29.998719,0,4,0,1,1
106.884842,186.528301,127.604167,250.000000,3.656322,3.445474,106.595277,185.242538,131.014688,314.500408,19.100000,29.999701,29.989524,0,5,0,1,1
-201.783928,-64.374577,132.812500,250.000000,15.780871,3.655170,-197.999118,-61.621284,147.883349,224.885261,15.128000,30.000000,29.993660,0,4,0,1,1
189.226551,-87.427466,138.020833,250.000000,4.156125,3.431429,187.698498,-86.699832,141.816749,410.823145,21.698000,29.998611,29.942825,0,5,0,1,1
-79.105231,189.017905,143.229167,250.000000,29.637837,3.649258,-80.333262,178.154303,170.776861,265.793004,16.153000,30.000000,29.998994,0,5,0,1,1
-68.083871,-189.290505,148.437500,250.000000,22.118008,3.659605,-71.445799,-180.802991,168.583612,279.248564,16.970000,30.000000,29.999953,0,4,0,1,1
174.570843,91.749543,153.645833,250.000000,3.260801,3.413207,173.433355,90.535707,156.450391,551.932141,24.796000,29.996688,29.946681,0,5,0,1,1
-186.666174,49.204604,158.854167,250.000000,6.786016,3.551074,-183.486284,48.719323,164.829350,484.605968,23.399000,29.998994,29.999779,0,5,0,1,1
102.021404,-158.666724,164.062500,250.000000,3.508705,3.406714,101.068040,-157.036280,167.019485,675.028017,27.197000,30.000000,29.994729,0,5,0,1,1
31.161250,181.318398,169.270833,250.000000,3.712377,3.402581,31.066008,179.210415,172.325187,732.420137,28.221000,30.000000,29.995138,0,5,0,1,1
-141.556924,-109.629639,174.479167,250.000000,5.661856,3.502566,-139.033407,-107.521868,179.088481,735.736231,28.387000,30.000000,29.999718,0,5,0,1,1
173.223684,-14.351228,179.687500,250.000000,3.584674,3.357265,170.988117,-13.879990,182.449757,908.110416,31.172000,30.000000,22.500629,0,5,0,1,1
-114.266135,123.518344,184.895833,250.000000,5.481834,3.492066,-113.813269,119.965275,189.045667,799.202568,29.440000,30.000000,29.999127,0,4,0,1,1
0.792032,-162.356948,190.104167,250.000000,4.684128,3.447043,0.831687,-159.332398,193.680698,923.015460,31.488000,30.000000,29.998081,0,5,0,1,1
104.850748,115.582646,195.312500,250.000000,3.398478,3.327157,102.901251,114.007587,197.607779,1195.433542,35.605000,30.000000,29.134006,0,4,0,1,1
-148.665911,-13.778323,200.520833,250.000000,5.490324,3.401578,-144.807479,-11.933831,203.963797,1207.307747,35.899000,30.000000,29.801501,0,4,0,1,1
113.143719,-85.872049,205.729167,250.000000,2.613083,3.319049,111.319540,-84.923161,207.341676,1345.997512,37.769000,30.000000,29.544846,0,5,0,1,1
-24.016750,132.017297,210.937500,250.000000,4.814491,3.357138,-21.463658,128.868546,213.534884,1418.399181,38.865000,30.000000,29.993678,0,5,0,1,1
-66.907175,-106.322193,216.145833,250.000000,4.208081,3.383169,-65.832476,-102.939747,218.406813,1514.681829,40.263000,30.000000,29.986834,0,5,0,1,1
112.067154,30.712961,221.354167,250.000000,1.871678,3.296107,110.664635,29.902510,222.291872,1616.563487,41.486000,30.000000,4.269984,0,4,0,1,1
-94.026978,48.253093,226.562500,250.000000,3.736833,3.362528,-93.104139,44.824522,227.727484,1728.287257,43.153000,30.000000,28.864923,0,5,0,1,1
32.576501,-87.869519,231.770833,250.000000,3.331695,3.310609,31.403901,-85.051665,233.106835,1851.980213,44.680000,30.000000,25.000332,0,5,0,1,1
30.023759,73.752617,236.979167,250.000000,2.306296,3.291032,28.875803,71.912077,237.762502,1961.323460,46.065000,30.000000,18.184394,0,5,0,1,1
-56.035516,-26.556277,242.187500,250.000000,3.525714,3.328801,-52.736184,-25.649862,243.038075,2057.968623,47.413000,30.000000,29.749239,0,5,0,1,1
34.392789,-10.603664,247.395833,250.000000,1.077033,3.272744,33.461261,-10.089103,247.561611,2196.842003,49.037000,30.000000,29.982070,0,5,0,1,1
27.283458,-310.880931,16.276042,312.500000,145.631447,4.440510,19.244356,-310.619049,161.685197,161.711413,7.933000,30.000000,29.999227,0,6,0,1,1
189.631006,247.340067,22.786458,312.500000,49.367187,4.242417,196.746232,256.166151,70.834277,87.994687,5.632000,30.000000,29.993417,0,6,0,1,1
-306.367681,-54.192129,29.296875,312.500000,104.390144,4.463222,-313.734746,-52.979377,133.419676,134.905282,7.355000,30.000000,29.995998,0,6,0,1,1
261.936881,-166.622803,35.807292,312.500000,40.137178,4.211923,268.470351,-171.521904,75.104946,89.537521,5.796000,30.000000,29.992863,0,6,0,1,1
-80.379069,299.006132,42.317708,312.500000,121.598093,4.423778,-86.343027,295.218065,163.710369,163.842207,8.132000,30.000000,29.999342,0,6,0,1,1
-142.264360,-273.921368,48.828125,312.500000,85.237645,4.594496,-161.242554,-276.143884,131.896438,135.432875,7.314000,30.000000,29.999997,0,6,0,1,1
288.898791,105.505375,55.338542,312.500000,27.096429,4.193810,292.848795,107.080635,82.099193,92.351098,6.166000,30.000000,29.999218,0,6,0,1,1
-283.144043,116.877745,61.848958,312.500000,60.201813,4.474289,-292.752099,112.913064,121.146723,124.884166,7.157000,30.000000,29.999840,0,6,0,1,1
129.244013,-276.186949,68.359375,312.500000,45.483109,4.239068,131.566947,-279.855904,113.634710,116.884110,7.011000,30.000000,29.998842,0,6,0,1,1
90.802332,289.492143,74.869792,312.500000,16.102476,4.118506,90.693148,290.857868,90.913874,94.630194,6.923000,30.000000,29.998001,0,6,0,1,1
-261.049452,-151.283493,81.380208,312.500000,41.636351,4.371636,-264.952684,-150.673154,122.828706,124.505608,7.482000,30.000000,29.999882,0,6,0,1,1
292.891188,-64.391306,87.890625,312.500000,7.754795,4.082368,292.964905,-64.533362,95.643768,95.777212,7.935000,30.000000,29.994427,0,6,0,1,1
-171.331330,243.701187,94.401042,312.500000,77.619174,4.448446,-178.260180,235.310145,171.253613,172.334796,8.980000,30.000000,29.999417,0,6,0,1,1
-38.008137,-293.306170,100.911458,312.500000,84.160417,4.401794,-46.939388,-283.782054,184.052903,188.620164,9.590000,30.000000,29.999342,0,6,0,1,1
224.391314,189.117237,107.421875,312.500000,3.074934,4.013297,224.239084,188.757007,110.471839,127.292761,10.961000,30.000000,29.980907,0,6,0,1,1
-290.742373,12.023110,113.932292,312.500000,18.936215,4.246904,-290.090790,10.213462,132.770573,133.626102,9.132000,30.000000,29.999897,0,6,0,1,1
204.395978,-203.401298,120.442708,312.500000,3.227708,3.969147,203.949799,-203.027436,123.617491,170.108931,13.423000,30.000000,29.995138,0,6,0,1,1
-13.189996,285.245820,126.953125,312.500000,15.485774,4.115173,-12.867746,283.774872,142.365512,149.967941,10.417000,30.000000,29.998719,0,6,0,1,1
-181.042834,-216.949822,133.463542,312.500000,19.557015,4.264858,-185.921489,-211.682047,151.654916,157.989999,10.445000,30.000000,29.999735,0,6,0,1,1
276.903341,37.256953,139.973958,312.500000,4.162830,3.990084,276.125675,36.746583,144.031533,204.376820,14.774000,30.000000,14.769248,0,6,0,1,1
-226.590473,157.655749,146.484375,312.500000,16.648207,4.233893,-229.718016,150.776098,161.318514,182.754389,12.369000,30.000000,29.999719,0,6,0,1,1
59.805690,-265.842290,152.994792,312.500000,8.257832,4.074067,59.302093,-264.128436,161.057105,221.105020,15.102000,30.000000,29.998692,0,6,0,1,1
133.606053,233.160377,159.505208,312.500000,3.420019,3.885566,133.672150,231.690841,162.592703,401.801535,21.533000,29.999494,29.989092,0,6,0,1,1
-252.229910,-80.468221,166.015625,312.500000,7.720831,4.120459,-250.572604,-78.474769,173.288225,292.409313,18.191000,29.999255,29.993191,0,6,0,1,1
236.533189,-109.284333,172.526042,312.500000,3.464272,3.879916,235.229163,-108.587087,175.658859,497.839266,23.737000,29.998463,29.940468,0,6,0,1,1
-98.881538,236.272381,179.036458,312.500000,15.489417,4.121736,-99.517962,230.994958,193.585197,314.491812,18.513000,30.000000,29.998974,0,6,0,1,1
-85.104838,-236.613131,185.546875,312.500000,11.273070,4.120566,-87.199846,-232.200643,195.706747,365.240998,20.245000,29.999923,29.999512,0,6,0,1,1
218.213554,114.686928,192.057292,312.500000,3.908649,3.867752,216.619790,113.455998,195.407257,664.187649,27.033000,30.000000,29.934421,0,6,0,1,1
-233.332718,61.505756,198.567708,312.500000,5.204553,4.024414,-230.978931,60.591241,203.118612,606.135775,25.996000,29.966187,29.999774,0,6,0,1,1
127.526755,-198.333405,205.078125,312.500000,4.170902,3.863006,126.093904,-196.477510,208.527620,782.315647,29.138000,30.000000,29.994512,0,6,0,1,1
38.951563,226.647998,211.588542,312.500000,3.604892,3.859523,38.380711,224.619005,214.513018,829.762663,29.930000,30.000000,29.994938,0,6,0,1,1
-176.946155,-137.037048,218.098958,312.500000,4.863298,3.972437,-173.685443,-136.703126,221.691718,840.195008,30.224000,30.000000,29.999712,0,6,0,1,1
216.529605,-17.939035,224.609375,312.500000,2.678185,3.818597,214.816167,-17.784082,226.661884,983.929243,32.401000,30.000000,21.708282,0,6,0,1,1
-142.832669,154.397930,231.119792,312.500000,5.234194,3.947062,-141.233802,151.477499,235.158542,934.912469,31.713000,30.000000,29.999109,0,6,0,1,1
0.990040,-202.946185,237.630208,312.500000,4.738389,3.899971,1.127979,-199.763375,241.137775,1050.498819,33.512000,30.000000,29.998001,0,6,0,1,1
131.063435,144.478308,244.140625,312.500000,3.536747,3.797060,129.199266,142.631428,246.511804,1265.585904,36.649000,30.000000,29.053404,0,6,0,1,1
-185.832389,-17.222904,250.651042,312.500000,6.305552,3.882028,-181.080697,-17.289548,254.795552,1278.582557,36.947000,30.000000,29.779066,0,6,0,1,1
141.429649,-107.340061,257.161458,312.500000,3.522437,3.790361,138.759855,-106.373934,259.246250,1428.463385,38.955000,30.000000,29.488579,0,6,0,1,1
-30.020937,165.021622,263.671875,312.500000,4.275004,3.823645,-29.646948,161.586085,266.188395,1482.799256,39.759000,30.000000,29.993283,0,6,0,1,1
-83.633968,-132.902741,270.182292,312.500000,3.912283,3.857878,-85.103885,-129.522075,271.492405,1560.726327,40.903000,30.000000,29.984339,0,6,0,1,1
140.083942,38.391201,276.692708,312.500000,2.205349,3.770294,138.173500,38.271576,277.787909,1675.643065,42.300000,30.000000,3.148231,0,6,0,1,1
-117.533723,60.316366,283.203125,312.500000,4.463091,3.847044,-116.978169,56.054731,284.406874,1760.150159,43.580000,30.000000,28.415211,0,6,0,1,1
40.720627,-109.836899,289.713542,312.500000,3.015534,3.791268,39.634354,-107.292871,290.914117,1874.350723,44.982000,30.000000,24.940208,0,6,0,1,1
37.529699,92.190771,296.223958,312.500000,2.508702,3.765107,36.155091,90.266911,297.062291,1980.717883,46.313000,30.000000,18.051309,0,6,0,1,1
-70.044395,-33.195346,302.734375,312.500000,4.532395,3.810869,-65.662618,-33.883006,303.666984,2053.171276,47.353000,30.000000,29.791140,0,6,0,1,1
42.990986,-13.254581,309.244792,312.500000,0.655253,3.749974,42.370373,-13.071342,309.347838,2203.401251,49.121000,30.000000,29.734400,0,6,0,1,1
-276.378280,253.185144,11.718750,375.000000,97.080225,5.190851,-300.838204,266.619587,104.701533,128.510022,6.835000,30.000000,29.999998,0,7,0,1,1
32.740150,-373.057117,19.531250,375.000000,139.613451,4.984295,29.309743,-388.896686,158.200843,162.291542,7.805000,30.000000,29.999242,0,7,0,1,1
227.557207,296.808081,27.343750,375.000000,30.410449,4.641278,232.775033,303.195344,56.614427,88.107660,5.689000,30.000000,29.993283,0,7,0,1,1
-367.641218,-65.030555,35.156250,375.000000,91.318556,4.967499,-383.631658,-67.149374,125.038924,135.742075,7.248000,30.000000,29.996045,0,7,0,1,1
314.324257,-199.947363,42.968750,375.000000,21.631724,4.603056,318.059779,-203.244319,64.018867,89.666400,5.928000,30.000000,29.992718,0,7,0,1,1
-96.454883,358.807358,50.781250,375.000000,109.650986,4.935656,-103.183888,368.080364,159.832021,162.996278,7.965000,30.000000,29.999342,0,7,0,1,1
-170.717232,-328.705642,58.593750,375.000000,66.318439,5.061960,-182.733271,-337.989084,123.150453,136.873996,7.267000,30.000000,29.999997,0,7,0,1,1
346.678550,126.606450,66.406250,375.000000,11.653523,4.579069,348.195288,127.310201,77.939196,92.967557,6.653000,30.000000,29.999159,0,7,0,1,1
-339.772852,140.253294,74.218750,375.000000,38.897226,4.906243,-347.452268,140.973453,112.343573,125.227951,7.135000,30.000000,29.999837,0,7,0,1,1
155.092816,-331.424339,82.031250,375.000000,26.290867,4.648364,157.243114,-334.333998,108.071983,117.337314,7.191000,30.000000,29.998842,0,7,0,1,1
108.962798,347.390571,89.843750,375.000000,4.046525,4.510972,108.066039,347.830935,93.765008,96.110689,7.977000,30.000000,29.997961,0,7,0,1,1
-313.259342,-181.540192,97.656250,375.000000,20.523936,4.783154,-314.897722,-182.958680,118.065452,124.065108,7.749000,30.000000,29.999882,0,7,0,1,1
351.469425,-77.269567,105.468750,375.000000,2.320817,4.468652,351.345774,-77.375336,107.783855,110.490232,9.819000,30.000000,29.994091,0,7,0,1,1
-205.597597,292.441424,113.281250,375.000000,62.390077,4.923227,-211.894472,291.527775,175.346026,175.792834,8.896000,30.000000,29.999440,0,7,0,1,1
-45.609764,-351.967403,121.093750,375.000000,65.817263,4.874737,-51.830243,-351.313051,186.613134,186.633647,9.376000,30.000000,29.999342,0,7,0,1,1
269.269576,226.940684,128.906250,375.000000,3.582646,4.403640,268.624434,226.870539,132.429632,170.039970,13.637000,30.000000,29.979333,0,7,0,1,1
-348.890848,14.427732,136.718750,375.000000,5.250239,4.670410,-348.586689,13.943438,141.937749,146.911634,10.968000,30.000000,29.999895,0,7,0,1,1
245.275174,-244.081558,144.531250,375.000000,2.380981,4.368554,244.714170,-243.930549,146.840263,220.337819,15.952000,30.000000,29.994938,0,7,0,1,1
-15.827995,342.294984,152.343750,375.000000,4.022871,4.518870,-15.692145,341.736538,156.325354,185.056778,13.614000,30.000000,29.998692,0,7,0,1,1
-217.251401,-260.339786,160.156250,375.000000,6.830940,4.671645,-218.880811,-258.227685,166.444794,190.386721,13.579000,29.999996,29.999991,0,7,0,1,1
332.284010,44.708344,167.968750,375.000000,2.970728,4.384091,331.676562,43.816720,170.736645,279.892370,18.005000,30.000000,14.255219,0,7,0,1,1
-271.908568,189.186899,175.781250,375.000000,5.988831,4.648684,-273.408895,186.028273,180.643163,232.477098,15.803000,29.999402,29.999991,0,7,0,1,1
71.766828,-319.010748,183.593750,375.000000,4.087727,4.479158,70.587736,-318.146895,187.411212,319.257172,19.229000,29.999999,29.998666,0,7,0,1,1
160.327263,279.792452,191.406250,375.000000,3.225856,4.309375,159.660091,278.715705,194.373006,477.577773,23.356000,29.999462,29.989092,0,7,0,1,1
-302.675892,-96.561865,199.218750,375.000000,3.775875,4.540200,-301.499258,-96.048880,202.769751,386.354236,21.140000,29.997239,29.992487,0,7,0,1,1
283.839827,-131.141199,207.031250,375.000000,3.030380,4.298927,282.739779,-130.325295,209.734469,571.535082,25.292000,29.998265,29.939253,0,7,0,1,1
-118.657846,283.526857,214.843750,375.000000,5.255702,4.538615,-118.816886,281.554169,219.712590,424.181478,21.949000,29.999976,29.998953,0,7,0,1,1
-102.125806,-283.935757,222.656250,375.000000,4.997004,4.534191,-102.792210,-281.863409,227.154175,477.651871,23.222000,29.940076,29.999329,0,7,0,1,1
261.856265,137.624314,230.468750,375.000000,3.230840,4.291293,260.348710,136.882295,233.228281,735.701956,28.347000,30.000000,29.923134,0,7,0,1,1
-279.999261,73.806907,238.281250,375.000000,3.919966,4.428018,-278.162536,72.997126,241.648271,708.396742,27.940000,30.000000,29.999770,0,7,0,1,1
153.032106,-238.000086,246.093750,375.000000,3.069987,4.290980,152.009323,-236.579014,248.615513,849.695836,30.297000,30.000000,29.994400,0,7,0,1,1
46.741875,271.977597,253.906250,375.000000,3.358119,4.290149,45.531368,270.230778,256.506300,909.080001,31.270000,30.000000,29.994835,0,7,0,1,1
-212.335386,-164.444458,261.718750,375.000000,4.875767,4.390236,-209.570538,-163.204062,265.538454,929.470876,31.694000,30.000000,29.999706,0,7,0,1,1
259.835526,-21.526842,269.531250,375.000000,2.115900,4.251185,258.460689,-21.459817,271.138223,1053.476097,33.505000,30.000000,21.351989,0,7,0,1,1
-171.399202,185.277516,277.343750,375.000000,6.217699,4.375503,-168.531371,182.411817,282.057888,1045.236296,33.474000,30.000000,29.999091,0,7,0,1,1
1.188047,-243.535422,285.156250,375.000000,5.454315,4.329369,-0.522972,-240.021063,288.960359,1151.743991,35.067000,30.000000,29.997961,0,7,0,1,1
157.276121,173.373969,292.968750,375.000000,2.489917,4.235301,156.062409,171.980593,294.637609,1310.176598,37.307000,30.000000,29.026322,0,7,0,1,1
-222.998867,-20.667485,300.781250,375.000000,6.008467,4.324046,-218.409202,-20.995223,304.645088,1342.384663,37.879000,30.000000,29.764211,0,7,0,1,1
169.715579,-128.808073,308.593750,375.000000,2.646814,4.231904,167.974948,-127.640887,310.210384,1459.555389,39.396000,30.000000,29.483566,0,7,0,1,1
-36.025125,198.025946,316.406250,375.000000,5.890029,4.264722,-36.459735,193.181655,319.728359,1543.492423,40.607000,30.000000,29.993006,0,7,0,1,1
-100.360762,-159.483289,324.218750,375.000000,4.663945,4.311290,-100.658509,-155.354933,326.368263,1603.405172,41.491000,30.000000,29.982195,0,7,0,1,1
168.100731,46.069441,332.031250,375.000000,2.046365,4.212179,166.660747,44.986531,333.001489,1710.998139,42.783000,30.000000,3.138149,0,7,0,1,1
-141.040467,72.379639,339.843750,375.000000,3.702532,4.307532,-138.123404,70.799874,341.488080,1768.202887,43.687000,30.000000,29.429710,0,7,0,1,1
48.864752,-131.804279,347.656250,375.000000,3.664908,4.232345,48.906308,-128.402535,349.019320,1909.409216,45.438000,30.000000,24.723048,0,7,0,1,1
45.035639,110.628925,355.468750,375.000000,2.517624,4.210635,44.418262,108.342004,356.321550,1998.042161,46.543000,30.000000,18.004001,0,7,0,1,1
-84.053274,-39.834415,363.281250,375.000000,3.740030,4.254906,-80.791087,-38.276543,364.239895,2072.701577,47.595000,30.000000,29.844182,0,7,0,1,1
51.589184,-15.905497,371.093750,375.000000,0.409465,4.193933,51.289377,-16.182501,371.126098,2203.001171,49.115000,30.000000,29.925985,0,7,0,1,1
-322.441327,295.382668,13.671875,437.500000,82.087120,5.621746,-341.985237,314.477654,91.078027,132.255640,6.911000,30.000000,29.999997,0,8,0,1,1
38.196841,-435.233304,22.786458,437.500000,126.077079,5.460524,37.624474,-461.618473,146.070379,162.093200,7.726000,30.000000,29.999257,0,8,0,1,1
265.483408,346.276094,31.901042,437.500000,13.431130,4.998900,267.441066,349.213541,44.859986,88.203326,5.870000,30.000000,29.993283,0,8,0,1,1
-428.914754,-75.868981,41.015625,437.500000,72.525688,5.397322,-446.255722,-80.027723,111.314779,136.376879,7.204000,30.000000,29.995789,0,8,0,1,1
366.711633,-233.271924,50.130208,437.500000,7.835559,4.960820,368.011250,-234.070578,57.815853,89.774790,6.328000,30.000000,29.992569,0,8,0,1,1
-112.530697,418.608584,59.244792,437.500000,91.423847,5.381839,-117.611098,434.849314,149.071002,162.397470,7.861000,30.000000,29.999342,0,8,0,1,1
-199.170104,-383.489916,68.359375,437.500000,42.487477,5.458241,-204.239336,-393.239212,109.401303,136.877085,7.281000,30.000000,30.000000,0,8,0,1,1
404.458308,147.707525,77.473958,437.500000,1.741646,4.949133,404.788351,147.256548,79.123510,93.513852,7.443000,30.000000,29.999139,0,8,0,1,1
-396.401660,163.628843,86.588542,437.500000,19.900973,5.277779,-399.426215,165.765475,106.141946,126.461231,7.494000,30.000000,29.999837,0,8,0,1,1
180.941619,-386.661729,95.703125,437.500000,9.546034,5.012837,182.525020,-387.168795,105.103258,117.429763,7.766000,30.000000,29.998818,0,8,0,1,1
127.123265,405.289000,104.817708,437.500000,1.366929,4.883477,127.282750,405.241099,106.174456,106.175563,9.390000,30.000000,29.997961,0,8,0,1,1
-365.469233,-211.796891,113.932292,437.500000,6.041300,5.157614,-366.060221,-211.662973,119.943124,124.964954,8.811000,30.000000,29.999879,0,8,0,1,1
410.047663,-90.147828,123.046875,437.500000,2.819923,4.842707,409.731367,-90.568585,125.817233,137.208041,11.841000,30.000000,29.993765,0,8,0,1,1
-239.863863,341.181662,132.161458,437.500000,38.525085,5.316178,-242.384393,343.833391,170.512435,174.642656,9.037000,30.000000,29.999440,0,8,0,1,1
-53.211392,-410.628637,141.276042,437.500000,45.172183,5.295672,-55.723798,-413.261009,186.301418,188.061700,9.443000,30.000000,29.999342,0,8,0,1,1
314.147839,264.764131,150.390625,437.500000,2.551131,4.784685,313.474548,264.892059,152.847978,208.717471,15.658000,30.000000,29.978172,0,8,0,1,1
-407.039323,16.832354,159.505208,437.500000,3.882658,5.048836,-406.475882,18.989977,162.683608,185.521174,13.972000,29.998757,29.999895,0,8,0,1,1
286.154369,-284.761817,168.619792,437.500000,1.789112,4.757600,286.318267,-284.052010,170.253876,266.900636,17.845000,30.000000,29.994938,0,8,0,1,1
-18.465994,399.344149,177.734375,437.500000,3.360628,4.902302,-18.678673,398.701860,181.026191,241.416403,16.577000,30.000000,29.998692,0,8,0,1,1
-253.459968,-303.729751,186.848958,437.500000,2.988732,5.053571,-254.201814,-302.618315,189.522325,245.432438,16.667000,29.979803,29.999730,0,8,0,1,1
387.664678,52.159734,195.963542,437.500000,2.146781,4.765531,387.055706,52.165927,198.022129,345.191787,20.099000,30.000000,13.930071,0,8,0,1,1
-317.226663,220.718049,205.078125,437.500000,2.415014,5.022879,-317.877424,219.267593,206.896085,305.715785,18.835000,29.918160,29.999669,0,8,0,1,1
83.727967,-372.179206,214.192708,437.500000,2.478126,4.870201,84.702358,-371.265049,216.279809,381.840901,21.026000,29.999996,29.998666,0,8,0,1,1
187.048474,326.424527,223.307292,437.500000,2.623163,4.706364,186.927106,325.296143,225.672244,538.404328,24.700000,29.999405,29.988869,0,8,0,1,1
-353.121875,-112.655509,232.421875,437.500000,4.579187,4.920036,-352.128930,-110.592508,236.387608,484.329000,23.552000,29.997182,29.992244,0,8,0,1,1
331.146465,-152.998066,241.536458,437.500000,3.097766,4.694419,330.057711,-152.003065,244.260562,642.533741,26.716000,29.999737,29.938013,0,8,0,1,1
-138.434154,330.781333,250.651042,437.500000,4.743441,4.919204,-137.478328,329.161472,255.005658,534.260030,24.518000,29.996369,29.998953,0,8,0,1,1
-119.146774,-331.258383,259.765625,437.500000,4.525920,4.923678,-117.418970,-329.802132,263.687102,590.618536,25.684000,29.809715,29.999315,0,8,0,1,1
305.498976,160.561700,268.880208,437.500000,3.279260,4.692852,304.016665,159.639469,271.656139,806.326841,29.612000,30.000000,29.918545,0,8,0,1,1
-326.665805,86.108058,277.994792,437.500000,4.497912,4.838398,-325.599131,82.938993,281.003188,780.028347,29.229000,30.000000,29.999770,0,8,0,1,1
178.537457,-277.666767,287.109375,437.500000,2.733831,4.694146,177.262881,-276.639757,289.299019,910.135092,31.313000,30.000000,29.994286,0,8,0,1,1
54.532188,317.307197,296.223958,437.500000,2.029347,4.695776,54.026677,316.172533,297.828716,963.864804,32.167000,30.000000,29.994729,0,8,0,1,1
-247.724617,-191.851867,305.338542,437.500000,5.818667,4.812739,-245.571909,-188.857503,309.839266,996.551362,32.785000,30.000000,29.999700,0,8,0,1,1
303.141446,-25.114649,314.453125,437.500000,2.473990,4.657441,301.651229,-24.231459,316.219435,1118.650694,34.521000,30.000000,21.055692,0,8,0,1,1
-199.965736,216.157101,323.567708,437.500000,5.043650,4.781883,-198.147959,213.341725,327.337025,1115.337305,34.561000,30.000000,29.999091,0,8,0,1,1
1.386055,-284.124659,332.682292,437.500000,5.802798,4.740964,1.391545,-280.081798,336.844948,1215.885883,36.026000,30.000000,29.997961,0,8,0,1,1
183.488808,202.269631,341.796875,437.500000,2.688013,4.644939,182.301162,200.648025,343.581618,1354.639869,37.950000,30.000000,28.995617,0,8,0,1,1
-260.165345,-24.112066,350.911458,437.500000,5.179765,4.736624,-256.740051,-27.043628,353.461610,1391.902851,38.593000,30.000000,29.760880,0,8,0,1,1
198.001509,-150.276086,360.026042,437.500000,3.552798,4.643727,195.870149,-148.407220,362.167774,1513.779828,40.163000,30.000000,29.459410,0,8,0,1,1
-42.029312,231.030270,369.140625,437.500000,5.317863,4.686780,-41.531622,226.719838,372.215059,1564.115364,40.899000,30.000000,29.992863,0,8,0,1,1
-117.087556,-186.063838,378.255208,437.500000,4.944523,4.739891,-114.092298,-183.109876,380.853448,1627.308094,41.819000,30.000000,29.980429,0,8,0,1,1
196.117519,53.747681,387.369792,437.500000,1.618703,4.624929,194.717732,54.121449,388.091659,1742.062875,43.205000,30.000000,3.142004,0,8,0,1,1
-164.547212,84.442912,396.484375,437.500000,5.291469,4.725135,-159.689373,84.455484,398.582205,1798.893114,44.092000,30.000000,28.158458,0,8,0,1,1
57.008877,-153.771658,405.598958,437.500000,2.830208,4.649044,56.407518,-151.239222,406.710357,1920.291563,45.576000,30.000000,24.716878,0,8,0,1,1
52.541578,129.067079,414.713542,437.500000,1.772002,4.629400,52.297578,127.413656,415.302310,2010.583156,46.708000,30.000000,17.973595,0,8,0,1,1
-98.062152,-46.473484,423.828125,437.500000,2.762033,4.683138,-97.130593,-43.924026,424.339290,2076.333572,47.641000,30.000000,29.843242,0,8,0,1,1
60.187381,-18.556413,432.942708,437.500000,0.911154,4.613498,59.354348,-18.214776,433.082498,2211.918679,49.228000,30.000000,29.766107,0,8,0,1,1
-368.504373,337.580192,15.625000,500.000000,54.175863,5.979340,-382.553139,352.904161,65.653315,130.005485,6.847000,30.000000,29.999995,0,10,0,1,1
43.653533,-497.409490,26.041667,500.000000,104.980937,5.875901,45.743085,-527.467001,126.605960,160.550393,7.636000,30.000000,29.999272,0,9,0,1,1
303.409610,395.744108,36.458333,500.000000,3.356196,5.349204,303.265325,396.790103,39.644103,89.156354,6.224000,30.000000,29.993283,0,9,0,1,1
-490.188290,-86.707407,46.875000,500.000000,46.240928,5.770077,-503.992531,-90.574108,90.837654,134.452159,7.137000,30.000000,29.995415,0,9,0,1,1
419.099009,-266.596484,57.291667,500.000000,0.106384,5.301458,419.041623,-266.685414,57.280909,88.068869,6.919000,30.000000,29.992418,0,10,0,1,1
-128.606511,478.409811,67.708333,500.000000,67.151393,5.769797,-132.814913,495.025343,132.635392,160.907350,7.785000,30.000000,29.999329,0,10,0,1,1
-227.622976,-438.274189,78.125000,500.000000,21.973045,5.805308,-230.098239,-443.393415,99.349544,138.013918,7.507000,30.000000,29.999999,0,9,0,1,1
462.238066,168.808600,88.541667,500.000000,2.368522,5.311162,462.508282,168.432089,90.864406,96.695278,8.607000,30.000000,29.999117,0,10,0,1,1
-453.030469,187.004392,98.958333,500.000000,4.311347,5.620499,-454.114854,186.140632,103.040703,125.336126,8.204000,30.000000,29.999833,0,10,0,1,1
206.790421,-441.899119,109.375000,500.000000,2.711346,5.368205,206.873771,-442.042036,112.081293,118.118810,9.066000,30.000000,29.998794,0,10,0,1,1
145.283731,463.187429,119.791667,500.000000,1.802171,5.237101,144.911188,463.223662,121.554539,124.338953,11.130000,30.000000,29.997876,0,9,0,1,1
-417.679123,-242.053589,130.208333,500.000000,1.783005,5.521457,-418.118636,-241.405450,131.810160,132.110047,10.318000,30.000000,29.999879,0,10,0,1,1
468.625900,-103.026090,140.625000,500.000000,2.062282,5.206647,468.437646,-102.854081,142.671455,162.744406,13.587000,30.000000,29.993576,0,10,0,1,1
-274.130129,389.921899,151.041667,500.000000,18.140128,5.668532,-276.007340,390.676899,169.068599,175.251845,9.675000,30.000000,29.999451,0,9,0,1,1
-60.813019,-469.289871,161.458333,500.000000,22.035535,5.644762,-61.245579,-470.853726,183.434048,186.996732,10.006000,30.000000,29.999329,0,9,0,1,1
359.026102,302.587579,171.875000,500.000000,3.574939,5.167734,358.496891,302.126873,175.380407,249.469279,17.424000,30.000000,29.978222,0,10,0,1,1
-465.187798,19.236976,182.291667,500.000000,3.317672,5.425188,-464.676091,19.148819,185.568454,228.269913,16.303000,29.996495,29.999895,0,10,0,1,1
327.033565,-325.442077,192.708333,500.000000,2.910858,5.134855,326.043905,-325.420005,195.445700,319.439478,19.633000,30.000000,29.994835,0,10,0,1,1
-21.103993,456.393313,203.125000,500.000000,2.518915,5.277817,-20.994003,455.855238,205.583315,292.135359,18.570000,30.000000,29.998692,0,9,0,1,1
-289.668535,-347.119715,213.541667,500.000000,1.975808,5.421492,-289.461783,-346.736430,215.468883,297.427363,18.676000,29.946798,29.999730,0,9,0,1,1
443.045346,59.611125,223.958333,500.000000,2.057814,5.144144,442.643951,58.559652,225.681088,400.754732,21.625000,30.000000,13.937663,0,10,0,1,1
-362.544757,252.249199,234.375000,500.000000,3.742116,5.399081,-361.523164,251.861302,237.954011,380.701069,21.101000,29.914054,29.999669,0,10,0,1,1
95.689105,-425.347664,244.791667,500.000000,3.058294,5.247107,95.442173,-424.366596,247.677787,456.029093,22.906000,29.999269,29.998638,0,9,0,1,1
213.769684,373.056603,255.208333,500.000000,2.729136,5.086428,213.536584,371.904358,257.671295,594.169899,25.865000,29.999315,29.988642,0,10,0,1,1
-403.567857,-128.749153,265.625000,500.000000,2.903013,5.313957,-402.705362,-127.906511,268.265746,533.622024,24.622000,29.997125,29.991848,0,9,0,1,1
378.453103,-174.854932,276.041667,500.000000,1.769929,5.079026,377.715228,-174.517353,277.614635,684.029955,27.513000,30.000000,29.936748,0,10,0,1,1
-158.210461,378.035809,286.458333,500.000000,4.411293,5.302324,-158.586259,376.006207,290.356922,612.504697,26.148000,29.993313,29.998953,0,10,0,1,1
-136.167741,-378.581009,296.875000,500.000000,4.165943,5.304654,-136.763772,-376.555086,300.466025,668.960608,27.228000,29.940864,29.999315,0,9,0,1,1
349.141687,183.499085,307.291667,500.000000,2.543157,5.082278,348.142322,182.512985,309.412167,848.599408,30.346000,30.000000,29.919384,0,10,0,1,1
-373.332349,98.409209,317.708333,500.000000,5.422958,5.235722,-371.264721,95.662014,321.901937,848.696550,30.427000,30.000000,29.999770,0,10,0,1,1
204.042808,-317.333448,328.125000,500.000000,2.706094,5.084265,203.281042,-315.947167,330.320650,964.238609,32.209000,30.000000,29.994169,0,10,0,1,1
62.322501,362.636796,338.541667,500.000000,3.361307,5.087922,62.519499,360.555426,341.173677,1028.267463,33.211000,30.000000,29.994622,0,10,0,1,1
-283.113848,-219.259277,348.958333,500.000000,5.783872,5.208609,-281.633456,-215.597523,353.183635,1050.765585,33.649000,30.000000,29.999700,0,10,0,1,1
346.447367,-28.702456,359.375000,500.000000,1.839596,5.045481,345.293878,-28.210672,360.721003,1158.797015,35.134000,30.000000,20.791964,0,10,0,1,1
-228.532270,247.036687,369.791667,500.000000,5.872337,5.186667,-225.601602,244.356149,374.117200,1173.242375,35.452000,30.000000,29.999091,0,9,0,1,1
1.584063,-324.713896,380.208333,500.000000,5.230550,5.136744,2.460032,-321.078112,383.865164,1254.775545,36.602000,30.000000,29.997919,0,10,0,1,1
209.701495,231.165292,390.625000,500.000000,1.692299,5.039350,208.895115,230.198134,391.755590,1381.308651,38.339000,30.000000,29.005812,0,9,0,1,1
-297.331823,-27.556647,401.041667,500.000000,5.243828,5.145922,-293.946088,-30.632347,403.605764,1420.875317,39.013000,30.000000,29.752638,0,9,0,1,1
226.287438,-171.744098,411.458333,500.000000,1.591187,5.036966,224.980600,-171.557855,412.346795,1527.051359,40.350000,30.000000,29.437118,0,10,0,1,1
-48.033500,264.034595,421.875000,500.000000,4.955810,5.085103,-47.651179,259.998679,424.725486,1593.389646,41.303000,30.000000,29.992788,0,10,0,1,1
-133.814349,-212.644386,432.291667,500.000000,6.070663,5.136551,-129.262007,-209.919256,435.241716,1657.393617,42.226000,30.000000,29.977188,0,10,0,1,1
224.134307,61.425921,442.708333,500.000000,0.303824,5.020075,223.938399,61.239620,442.846971,1755.427270,43.383000,30.000000,3.122010,0,9,0,1,1
-188.053956,96.506186,453.125000,500.000000,5.023002,5.126018,-183.454705,96.541428,455.143959,1828.217079,44.484000,30.000000,28.049175,0,10,0,1,1
65.153003,-175.739038,463.541667,500.000000,4.078380,5.051413,63.426941,-172.408374,465.141844,1938.161038,45.816000,30.000000,24.754640,0,10,0,1,1
60.047518,147.505233,473.958333,500.000000,1.382292,5.029289,59.794998,146.228809,474.424922,2018.175967,46.806000,30.000000,17.965342,0,10,0,1,1
-112.071031,-53.112553,484.375000,500.000000,3.965402,5.087700,-111.270865,-49.281930,485.015680,2084.595780,47.743000,30.000000,29.904990,0,10,0,1,1
68.785578,-21.207329,494.791667,500.000000,0.933261,5.014312,68.102015,-20.585431,494.921901,2214.798205,49.265000,30.000000,29.875484,0,10,0,1,1
