target_x,target_y,target_z,target_radius,miss_distance,t_closest,closest_x,closest_y,closest_z,apogee,impact_time,max_gimbal_pitch_deg,max_gimbal_yaw_deg,waypoint_index,waypoint_count,final_waypoint_reached,ground_terminated,terminal_guidance
0.000000,0.000000,20.000000,20.000000,0.071735,0.728871,-0.033545,0.063407,19.999532,2103.175842,47.765000,30.000000,29.975487,0,1,1,1,0
57.779758,21.101075,11.067708,62.500000,61.999862,0.337870,-0.076636,-0.102751,4.210714,1022.808819,31.705000,30.000000,30.000000,0,1,1,1,0
-56.628809,23.375549,12.369792,62.500000,56.190533,1.010809,-7.751631,3.902576,32.097968,400.410044,13.785000,30.000000,29.986838,0,1,1,1,0
25.848803,-55.237390,13.671875,62.500000,61.682144,0.412756,0.345204,0.456339,6.428823,1037.309606,31.851000,30.000000,29.999121,0,1,1,1,0
18.160466,57.898429,14.973958,62.500000,61.339312,0.493809,1.200265,-0.761228,9.150949,868.519613,28.514000,30.000000,29.999266,0,1,1,1,0
-52.209890,-30.256699,16.276042,62.500000,61.227231,0.478000,0.220046,0.485472,8.873705,884.341327,28.896000,30.000000,30.000000,0,1,1,1,0
58.578238,-12.878261,17.578125,62.500000,60.520246,0.624494,-0.424034,0.312174,14.849644,554.464929,19.044000,30.000000,29.987367,0,1,1,1,0
-34.266266,48.740237,18.880208,62.500000,59.872467,0.822342,-5.112044,-3.444034,22.278066,451.382198,15.724000,30.000000,29.989274,0,1,1,1,0
-7.601627,-58.661234,20.182292,62.500000,60.510309,0.584674,-2.315587,1.126745,12.504216,389.381019,13.380000,30.000000,29.986749,0,1,1,1,0
44.878263,37.823447,21.484375,62.500000,50.935386,1.166949,12.444514,3.388553,40.370974,292.640730,10.394000,30.000000,30.000000,0,1,1,1,0
-58.148475,2.404622,22.786458,62.500000,60.402444,0.518392,0.820290,-1.124915,10.189541,1128.799712,33.447000,30.000000,29.996579,0,1,1,1,0
40.879196,-40.680260,24.088542,62.500000,45.846607,1.342607,23.720061,-4.520594,46.448193,150.504856,7.258000,30.000000,30.000000,0,1,1,1,0
-2.637999,57.049164,25.390625,62.500000,59.385422,0.611771,1.549913,-1.097311,14.073503,998.786263,31.057000,30.000000,29.999971,0,1,1,1,0
-36.208567,-43.389964,26.692708,62.500000,49.626076,1.224313,-14.619647,-1.757081,42.921355,268.167603,10.017000,30.000000,29.515598,0,1,1,1,0
55.380668,7.451391,27.994792,62.500000,58.628396,0.639877,-1.518883,1.300924,15.270737,938.615264,29.940000,30.000000,29.999810,0,1,1,1,0
-45.318095,31.531150,29.296875,62.500000,48.227340,1.256383,-14.950488,-2.911302,44.041442,262.508915,9.928000,30.000000,29.044454,0,1,1,1,0
11.961138,-53.168458,30.598958,62.500000,56.654951,0.757856,0.635416,1.518939,21.070049,714.879614,24.470000,30.000000,30.000000,0,1,1,1,0
26.721211,46.632075,31.901042,62.500000,54.099434,0.885000,7.326368,-3.437725,25.297714,839.182751,27.943000,30.000000,29.999589,0,1,1,1,0
-50.445982,-16.093644,33.203125,62.500000,53.775151,0.919000,-1.075372,4.725300,28.633517,680.871549,23.557000,30.000000,30.000000,0,1,1,1,0
47.306638,-21.856867,34.505208,62.500000,51.946530,0.961000,5.876082,8.853662,28.275083,810.704606,27.404000,30.000000,30.000000,0,1,1,1,0
-19.776308,47.254476,35.807292,62.500000,48.334359,1.120570,-6.558448,0.940130,39.866817,574.654217,19.886000,30.000000,29.187029,0,1,1,1,0
-17.020968,-47.322626,37.109375,62.500000,41.733425,1.202006,-10.868572,-6.417799,42.643084,532.461112,18.831000,30.000000,29.996068,0,1,1,1,0
43.642711,22.937386,38.411458,62.500000,46.158277,1.094702,11.287645,-9.694355,34.063382,520.295525,18.097000,30.000000,30.000000,0,1,1,1,0
-46.666544,12.301151,39.713542,62.500000,34.728018,1.448453,-18.915436,-4.487802,52.124919,245.037424,9.616000,30.000000,29.985231,0,1,1,1,0
25.505351,-39.666681,41.015625,62.500000,17.209975,1.557731,26.317860,-26.123652,51.603799,106.074070,6.080000,30.000000,29.997458,0,1,1,1,0
7.790313,45.329600,42.317708,62.500000,15.568299,1.562951,14.969037,35.010119,51.501726,97.942701,5.796000,30.000000,29.999967,0,1,1,1,0
-35.389231,-27.407410,43.619792,62.500000,31.971992,1.442351,-18.859247,-1.585263,52.685367,269.411073,10.117000,30.000000,29.989092,0,1,1,1,0
43.305921,-3.587807,44.921875,62.500000,37.873129,1.247476,11.214146,16.328731,42.124837,321.740281,11.247000,30.000000,30.000000,0,1,1,1,0
-28.566534,30.879586,46.223958,62.500000,23.617644,1.404108,-20.421555,9.831407,53.182881,375.787244,12.797000,30.000000,29.989107,0,1,1,1,0
0.198008,-40.589237,47.526042,62.500000,21.109559,1.455945,-4.946722,-22.458104,57.034315,295.118540,10.532000,30.000000,29.993678,0,1,1,1,0
26.212687,28.895662,48.828125,62.500000,7.540501,1.556849,24.716960,23.815627,54.196104,128.526374,6.712000,30.000000,30.000000,0,1,1,1,0
-37.166478,-3.444581,50.130208,62.500000,13.257844,1.481867,-25.671184,-2.047486,56.585963,333.332291,11.666000,30.000000,29.946259,0,1,1,1,0
28.285930,-21.468012,51.432292,62.500000,1.160612,1.499216,27.537381,-22.354916,51.422405,132.279558,6.855000,30.000000,29.992105,0,1,1,1,0
-6.004187,33.004324,52.734375,62.500000,7.473470,1.492677,-5.962894,27.070317,57.277348,189.880379,8.226000,30.000000,29.998744,0,1,1,1,0
-16.726794,-26.580548,54.036458,62.500000,10.404311,1.459865,-18.903534,-16.770539,56.733719,318.167449,11.204000,30.000000,29.999417,0,1,1,1,0
28.016788,7.678240,55.338542,62.500000,0.831857,1.477194,28.579291,7.988059,54.809779,225.635561,9.031000,30.000000,29.999996,0,1,1,1,0
-23.506745,12.063273,56.640625,62.500000,3.582446,1.469979,-23.059430,8.638389,57.591413,454.984768,15.761000,30.000000,29.999393,0,1,1,1,0
8.144125,-21.967380,57.942708,62.500000,0.764580,1.448091,8.605593,-21.403966,58.175505,371.955891,12.549000,30.000000,29.996107,0,1,1,1,0
7.505940,18.438154,59.244792,62.500000,1.451352,1.453750,8.386582,19.479396,58.748094,1121.508175,33.253000,30.000000,30.000000,0,1,1,1,0
-14.008879,-6.639069,60.546875,62.500000,3.243988,1.433892,-13.824226,-9.820685,59.941333,1188.769371,34.570000,30.000000,30.000000,0,1,1,1,0
8.598197,-2.650916,61.848958,62.500000,0.683544,1.427886,9.274526,-2.701746,61.763942,2035.207563,47.229000,29.999904,29.997856,0,1,1,1,0
-122.547073,-21.676852,11.718750,125.000000,124.761658,0.311000,0.041062,0.009021,3.512441,966.325920,30.512000,30.000000,29.988770,1,2,1,1,0
104.774752,-66.649121,14.322917,125.000000,114.731482,1.299000,11.072924,-10.220412,48.950670,335.522125,11.406000,30.000000,29.999995,1,2,1,1,0
-32.151628,119.602453,16.927083,125.000000,124.594084,0.342878,-0.033906,-0.122707,4.356325,727.568397,25.174000,30.000000,30.000000,1,2,1,1,0
-56.905744,-109.568547,19.531250,125.000000,115.869041,1.308422,-14.613000,-4.964934,45.894909,420.492434,14.747000,30.000000,29.979295,1,2,1,1,0
115.559517,42.202150,22.135417,125.000000,124.430288,0.357000,-0.137766,-0.160487,4.744547,1193.826827,34.712000,30.000000,29.974907,1,2,1,1,0
-113.257617,46.751098,24.739583,125.000000,105.364234,1.726536,-26.321372,11.895390,72.997129,552.397083,19.685000,30.000000,30.000000,1,2,1,1,0
51.697605,-110.474780,27.343750,125.000000,123.967111,0.478000,0.744504,0.972268,8.603907,963.909753,30.445000,30.000000,29.999995,1,2,1,1,0
36.320933,115.796857,29.947917,125.000000,123.327529,0.605496,2.540169,-1.630644,13.235004,860.489921,28.471000,30.000000,29.999998,1,2,1,1,0
-104.419781,-60.513397,32.552083,125.000000,123.228802,0.579315,0.871373,0.393961,12.818755,879.775413,28.758000,30.000000,29.999588,1,2,1,1,0
117.156475,-25.756522,35.156250,125.000000,121.747157,0.781747,-1.326352,-1.066725,21.942475,616.507231,21.519000,30.000000,29.999777,1,2,1,1,0
-68.532532,97.480475,37.760417,125.000000,117.495753,1.298111,-13.516836,-5.950154,46.739848,448.999326,15.594000,30.000000,29.995764,1,2,1,1,0
-15.203255,-117.322468,40.364583,125.000000,119.202762,1.307000,-15.811418,1.707320,46.755057,428.902282,14.785000,30.000000,29.992113,1,2,1,1,0
89.756525,75.646895,42.968750,125.000000,104.728687,1.589776,10.409726,12.081216,68.100159,305.038502,10.626000,30.000000,30.000000,1,2,1,1,0
-116.296949,4.809244,45.572917,125.000000,122.424624,0.596437,1.571330,-1.783946,13.147819,847.186425,28.000000,30.000000,30.000000,1,2,1,1,0
81.758391,-81.360519,48.177083,125.000000,81.395487,2.125255,59.869404,-16.706919,92.516789,225.298761,9.050000,30.000000,30.000000,1,2,1,1,0
-5.275998,114.098328,50.781250,125.000000,120.652647,0.916000,3.263121,-4.148159,28.377834,866.236898,28.323000,30.000000,29.997270,1,2,1,1,0
-72.417134,-86.779929,53.385417,125.000000,94.005413,1.806000,-32.506389,-5.721313,79.340204,440.203672,15.179000,30.000000,29.291601,1,2,1,1,0
110.761337,14.902781,55.989583,125.000000,119.058026,1.081431,-6.078631,2.024078,37.085237,571.138899,19.670000,30.000000,29.999626,1,2,1,1,0
-90.636189,63.062300,58.593750,125.000000,91.323651,1.844689,-32.755149,-3.856158,81.214853,449.159283,15.558000,30.000000,29.559125,1,2,1,1,0
23.922276,-106.336916,61.197917,125.000000,115.632077,1.124610,-0.444976,4.847590,40.825878,700.978715,23.913000,30.000000,29.999197,1,2,1,1,0
53.442421,93.264151,63.802083,125.000000,111.214336,1.293584,14.130796,-9.255002,46.108925,537.571158,18.611000,30.000000,30.000000,1,2,1,1,0
-100.891964,-32.187288,66.406250,125.000000,111.293102,1.263287,0.042093,11.023478,48.204589,1287.487793,36.112000,30.000000,29.992452,1,2,1,1,0
94.613276,-43.713733,69.010417,125.000000,107.784919,1.360071,7.908655,17.162653,49.161912,1124.412061,33.522000,30.000000,29.999896,1,2,1,1,0
-39.552615,94.508952,71.614583,125.000000,98.599309,1.774425,-10.307111,1.144171,83.843315,689.388792,23.708000,30.000000,29.894827,1,2,1,1,0
-34.041935,-94.645252,74.218750,125.000000,84.502620,1.909000,-21.562869,-12.132087,87.505708,573.564338,20.407000,30.000000,29.773044,1,2,1,1,0
87.285422,45.874771,76.822917,125.000000,99.834451,1.562425,16.372427,-22.288636,59.734482,1098.099881,33.137000,30.000000,30.000000,1,2,1,1,0
-93.333087,24.602302,79.427083,125.000000,62.486913,2.331444,-48.669238,-10.457250,105.515061,324.756259,11.606000,30.000000,29.986378,1,2,1,1,0
51.010702,-79.333362,82.031250,125.000000,9.187186,2.390222,58.456332,-74.415956,84.218967,102.599546,5.937000,30.000000,30.000000,1,2,1,1,0
15.580625,90.659199,84.635417,125.000000,9.759333,2.377847,25.055823,90.813165,82.302715,131.304443,7.120000,30.000000,30.000000,1,2,1,1,0
-70.778462,-54.814819,87.239583,125.000000,61.166011,2.187421,-41.375069,-2.184732,97.573766,302.544347,10.957000,30.000000,29.990140,1,2,1,1,0
86.611842,-7.175614,89.843750,125.000000,85.307800,1.786000,15.743396,37.095574,72.663932,1544.720751,40.438000,30.000000,29.999736,1,2,1,1,0
-57.133067,61.759172,92.447917,125.000000,43.177418,2.261386,-57.637883,20.417648,104.894324,226.887363,9.101000,30.000000,29.974517,1,2,1,1,0
0.396016,-81.178474,95.052083,125.000000,36.897862,2.243671,-16.629862,-52.012244,109.914879,321.752734,11.210000,30.000000,29.992718,1,2,1,1,0
52.425374,57.791323,97.656250,125.000000,20.121395,2.340050,68.403152,46.789410,92.314058,731.490813,26.559000,30.000000,30.000000,1,2,1,1,0
-74.332956,-6.889162,100.260417,125.000000,10.390344,2.285426,-68.475045,-0.191052,105.625066,329.479495,11.760000,30.000000,29.959145,1,2,1,1,0
56.571860,-42.936024,102.864583,125.000000,16.386737,2.263972,63.113678,-52.646681,91.400164,1757.649402,44.098000,30.000000,30.000000,1,2,1,1,0
-12.008375,66.008649,105.468750,125.000000,4.764066,2.257848,-15.403779,68.088329,102.852934,623.257750,22.526000,30.000000,29.999999,1,2,1,1,0
-33.453587,-53.161096,108.072917,125.000000,12.412448,2.224461,-39.694193,-42.786263,110.809070,437.281893,15.185000,30.000000,29.998666,1,2,1,1,0
56.033577,15.356480,110.677083,125.000000,14.612498,2.248774,67.703493,17.176018,102.073164,1680.316175,42.637000,30.000000,30.000000,1,2,1,1,0
-47.013489,24.126546,113.281250,125.000000,6.358827,2.226332,-50.131030,18.584394,113.294119,790.575571,26.916000,30.000000,29.999462,1,2,1,1,0
16.288251,-43.934760,115.885417,125.000000,9.191980,2.201753,16.838951,-52.239278,111.983597,1861.678227,44.949000,30.000000,29.996754,1,2,1,1,0
15.011880,36.876308,118.489583,125.000000,6.843771,2.204438,15.108179,43.299672,116.129852,2012.923217,47.141000,30.000000,29.999837,1,2,1,1,0
-28.017758,-13.278138,121.093750,125.000000,6.872823,2.192273,-27.726461,-20.111469,120.418159,1366.586315,37.465000,30.000000,29.998644,1,2,1,1,0
17.196395,-5.301832,123.697917,125.000000,1.031097,2.175023,17.737076,-6.173374,123.591895,2047.168687,47.397000,30.000000,29.999999,1,2,1,1,0
113.778604,148.404040,13.671875,187.500000,174.945249,1.548510,6.943293,19.703232,64.937441,300.820238,10.517000,30.000000,30.000000,2,3,1,1,0
-183.820609,-32.515277,17.578125,187.500000,187.240635,0.319000,0.051614,0.010884,3.717755,1042.510348,32.045000,30.000000,29.990126,2,3,1,1,0
157.162128,-99.973682,21.484375,187.500000,172.427823,1.636859,14.241699,-17.363670,71.290912,328.587764,11.209000,30.000000,30.000000,2,3,1,1,0
-48.227442,179.403679,25.390625,187.500000,187.060976,0.354000,-0.042943,-0.153518,4.671646,726.510149,25.130000,30.000000,30.000000,2,3,1,1,0
-85.358616,-164.352821,29.296875,187.500000,172.191191,1.851631,-26.870296,-9.856842,77.875833,413.134636,14.513000,30.000000,29.990653,2,3,1,1,0
173.339275,63.303225,33.203125,187.500000,186.907958,0.364000,-0.168411,-0.188182,4.945223,1231.228863,35.399000,30.000000,29.977339,2,3,1,1,0
-169.886426,70.126647,37.109375,187.500000,153.029362,2.305648,-46.310997,22.522081,113.796428,640.993919,23.034000,29.996746,29.999907,2,3,1,1,0
77.546408,-165.712170,41.015625,187.500000,186.351656,0.514000,1.008703,1.317485,9.870576,963.140388,30.434000,30.000000,30.000000,2,3,1,1,0
54.481399,173.695286,44.921875,187.500000,185.566553,0.650000,3.226804,-2.111624,14.924502,867.542031,28.622000,29.999996,30.000000,2,3,1,1,0
-156.629671,-90.770096,48.828125,187.500000,185.477372,0.625000,1.271017,0.354940,14.689351,913.748583,29.397000,30.000000,30.000000,2,3,1,1,0
175.734713,-38.634784,52.734375,187.500000,183.492886,0.857000,-1.931394,-1.638390,25.611311,616.280768,21.515000,30.000000,29.999768,2,3,1,1,0
-102.798798,146.220712,56.640625,187.500000,175.741709,1.536000,-18.054045,-7.666832,61.341566,459.682284,15.941000,30.000000,29.995708,2,3,1,1,0
-22.804882,-175.983702,60.546875,187.500000,176.722113,1.746418,-25.622886,0.184020,74.247163,431.312668,14.858000,30.000000,29.999394,2,3,1,1,0
134.634788,113.470342,64.453125,187.500000,156.612628,2.079709,9.086691,27.500469,101.525640,307.925827,10.736000,30.000000,30.000000,2,3,1,1,0
-174.445424,7.213866,68.359375,187.500000,184.646849,0.636156,1.995647,-2.141244,14.735787,873.028699,28.535000,30.000000,30.000000,2,3,1,1,0
122.637587,-122.040779,72.265625,187.500000,105.117939,2.891739,113.045378,-41.525618,139.161660,250.224952,9.663000,30.000000,30.000000,2,3,1,1,0
-7.913997,171.147492,76.171875,187.500000,181.630236,1.067100,3.972845,-5.750002,36.731768,915.681092,29.324000,30.000000,29.992531,2,3,1,1,0
-108.625701,-130.169893,80.078125,187.500000,137.874076,2.508574,-63.656747,-9.934421,130.382053,412.421307,14.207000,30.000000,29.738637,2,3,1,1,0
166.142005,22.354172,83.984375,187.500000,174.894500,1.900816,-7.247733,1.231251,92.810885,572.683272,19.752000,30.000000,29.999998,2,3,1,1,0
-135.954284,94.593450,87.890625,187.500000,133.080880,2.545149,-62.574100,-6.881141,132.932569,438.268297,15.149000,30.000000,29.623668,2,3,1,1,0
35.883414,-159.505374,91.796875,187.500000,172.648185,1.900512,2.780962,9.903618,95.292162,658.064577,22.487000,30.000000,30.000000,2,3,1,1,0
80.163632,139.896226,95.703125,187.500000,164.693265,2.229581,25.960253,-14.726287,112.368770,531.595215,18.330000,30.000000,30.000000,2,3,1,1,0
-151.337946,-48.280933,99.609375,187.500000,168.084624,1.690801,1.132463,18.940491,77.552735,1010.491506,31.260000,30.000000,29.992457,2,3,1,1,0
141.919913,-65.570600,103.515625,187.500000,163.580063,1.858751,7.715394,25.512066,82.266342,931.005143,29.868000,30.000000,30.000000,2,3,1,1,0
-59.328923,141.763429,107.421875,187.500000,144.064349,2.372614,-21.251014,5.096823,132.458820,704.677532,24.168000,30.000000,29.904355,2,3,1,1,0
-51.062903,-141.967878,111.328125,187.500000,128.763642,2.509375,-35.287587,-16.157598,133.755525,480.957485,16.852000,30.000000,29.589270,2,3,1,1,0
130.928132,68.812157,115.234375,187.500000,150.784255,2.127185,26.218551,-38.361485,98.334502,1158.619891,34.087000,30.000000,30.000000,2,3,1,1,0
-139.999631,36.903453,119.140625,187.500000,86.773735,2.996679,-82.349702,-17.605175,154.282855,360.962222,12.763000,30.000000,29.986378,2,3,1,1,0
76.516053,-119.000043,123.046875,187.500000,26.465799,2.962655,98.788048,-111.036405,111.173492,1536.705511,41.869000,30.000000,30.000000,2,3,1,1,0
23.370938,135.988799,126.953125,187.500000,21.145123,3.007021,30.970624,144.928588,109.362186,1454.596298,40.852000,30.000000,30.000000,2,3,1,1,0
-106.167693,-82.222229,130.859375,187.500000,77.415666,3.090802,-86.288250,-13.739004,160.993093,332.011625,11.806000,30.000000,29.989939,2,3,1,1,0
129.917763,-10.763421,134.765625,187.500000,132.267783,2.288364,20.511189,58.635633,108.143465,1641.046002,41.902000,30.000000,29.999740,2,3,1,1,0
-85.699601,92.638758,138.671875,187.500000,66.609393,2.842430,-96.441425,26.991146,142.109251,275.006639,10.238000,30.000000,29.999960,2,3,1,1,0
0.594024,-121.767711,142.578125,187.500000,49.905054,2.897118,-32.624603,-88.232153,158.777002,318.534759,11.118000,30.000000,29.992863,2,3,1,1,0
78.638061,86.686985,146.484375,187.500000,34.623962,2.976891,107.424653,80.454682,128.282472,1701.097157,43.658000,30.000000,30.000000,2,3,1,1,0
-111.499434,-10.333742,150.390625,187.500000,8.961877,2.913448,-112.410212,-1.418300,150.415363,445.788032,16.225000,30.000000,29.994799,2,3,1,1,0
84.857789,-64.404037,154.296875,187.500000,26.296740,2.893397,94.486830,-81.668209,136.954774,1762.065540,44.233000,30.000000,30.000000,2,3,1,1,0
-18.012562,99.012973,158.203125,187.500000,20.366759,2.870793,-25.207477,111.936086,144.202009,1774.546643,44.359000,30.000000,30.000000,2,3,1,1,0
-50.180381,-79.741645,162.109375,187.500000,9.270950,2.887564,-58.593174,-80.871797,158.381349,860.494611,29.131000,30.000000,30.000000,2,3,1,1,0
84.050365,23.034721,166.015625,187.500000,23.533625,2.880665,103.621849,23.353040,152.950894,1721.752687,43.345000,30.000000,30.000000,2,3,1,1,0
-70.520234,36.189820,169.921875,187.500000,6.473288,2.853551,-73.962497,40.483082,166.512745,1786.878813,44.244000,30.000000,30.000000,2,3,1,1,0
24.432376,-65.902139,173.828125,187.500000,12.190336,2.836586,24.031595,-77.326867,169.595010,1800.205574,44.030000,30.000000,29.999788,2,3,1,1,0
22.517819,55.314462,177.734375,187.500000,7.344887,2.833141,19.267354,61.739988,176.287147,2030.919906,47.277000,30.000000,30.000000,2,3,1,1,0
-42.026637,-19.917207,181.640625,187.500000,4.615121,2.817485,-43.235470,-24.331809,181.049561,1902.533450,45.458000,30.000000,29.988700,2,3,1,1,0
25.794592,-7.952748,185.546875,187.500000,0.996850,2.790067,26.693487,-8.356504,185.396283,2020.986310,47.066000,30.000000,30.000000,2,3,1,1,0
21.826766,-248.704745,13.020833,250.000000,249.875106,0.294000,-0.011309,0.016289,3.095401,724.952150,25.257000,30.000000,30.000000,3,4,1,1,0
151.704805,197.872054,18.229167,250.000000,232.678632,2.034000,5.013639,36.140992,98.628865,300.647380,10.531000,30.000000,30.000000,3,4,1,1,0
-245.094145,-43.353703,23.437500,250.000000,249.731173,0.323000,0.058867,0.015610,3.822149,1097.551111,33.159000,30.000000,29.999925,3,4,1,1,0
209.549505,-133.298242,28.645833,250.000000,229.140353,2.124600,18.022955,-34.083720,105.972160,327.317104,11.196000,30.000000,30.000000,4,5,1,1,0
-64.303256,239.204905,33.854167,250.000000,249.546174,0.359000,-0.047836,-0.172039,4.816041,725.231403,25.105000,30.000000,30.000000,4,5,1,1,0
-113.811488,-219.137095,39.062500,250.000000,226.104315,2.469492,-46.623619,-19.513347,121.277528,409.057786,14.342000,30.000000,30.000000,3,4,1,1,0
231.119033,84.404300,44.270833,250.000000,249.381522,0.372000,-0.190545,-0.207859,5.183684,1252.854755,35.797000,30.000000,29.947582,4,5,1,1,0
-226.515234,93.502196,49.479167,250.000000,200.361160,2.765503,-64.670615,33.021269,150.933448,636.755080,23.011000,29.996693,29.999999,4,5,1,1,0
103.395211,-220.949559,54.687500,250.000000,248.798128,0.531112,1.162938,1.523715,10.475367,961.367268,30.339000,30.000000,30.000000,4,5,1,1,0
72.641866,231.593714,59.895833,250.000000,247.897166,0.677697,3.646336,-2.429774,16.013850,902.581288,29.349000,30.000000,30.000000,3,4,1,1,0
-208.839562,-121.026795,65.104167,250.000000,247.813834,0.651000,1.519448,0.333854,15.785034,965.613586,30.491000,30.000000,30.000000,4,5,1,1,0
234.312950,-51.513045,70.312500,250.000000,245.517148,0.907000,-2.420808,-1.943185,28.138734,620.303412,21.642000,30.000000,30.000000,4,5,1,1,0
-137.065064,194.960950,75.520833,250.000000,233.764822,2.202389,-34.339009,-12.542929,107.699860,455.790565,15.792000,30.000000,29.999868,3,4,1,1,0
-30.406510,-234.644936,80.729167,250.000000,228.946370,2.579412,-48.601061,-13.279184,136.250360,416.401180,14.327000,30.000000,30.000000,3,4,1,1,0
179.513051,151.293789,85.937500,250.000000,207.759092,2.507537,6.818235,46.029203,133.473881,318.150343,11.033000,30.000000,30.000000,4,5,1,1,0
-232.593899,9.618488,91.145833,250.000000,247.054917,0.652000,2.244737,-2.326158,15.354853,907.605847,29.272000,30.000000,30.000000,4,5,1,1,0
163.516783,-162.721039,96.354167,250.000000,122.086471,3.525147,161.352668,-74.971599,181.209684,315.768561,11.437000,30.000000,30.000000,4,5,1,1,0
-10.551997,228.196656,101.562500,250.000000,242.902874,1.346411,6.449244,-9.368793,53.861124,947.309658,29.995000,30.000000,29.999799,3,4,1,1,0
-144.834267,-173.559858,106.770833,250.000000,174.824514,3.190664,-104.208467,-22.597192,185.023173,466.321485,16.290000,30.000000,29.790541,3,4,1,1,0
221.522673,29.805562,111.979167,250.000000,228.323947,2.526922,-1.190540,-8.489031,144.600840,561.480185,19.339000,30.000000,30.000000,4,5,1,1,0
-181.272379,126.124600,117.187500,250.000000,169.654368,3.195457,-100.291034,-5.788797,186.638794,476.064209,16.627000,30.000000,29.727973,4,5,1,1,0
47.844552,-212.673832,122.395833,250.000000,223.795030,2.518993,6.491429,5.661857,148.922450,656.365898,22.424000,30.000000,30.000000,3,4,1,1,0
106.884842,186.528301,127.604167,250.000000,210.890370,2.923660,42.396067,-9.037969,173.098999,543.185551,18.760000,30.000000,30.000000,4,5,1,1,0
-201.783928,-64.374577,132.812500,250.000000,222.984439,2.185173,0.209370,28.701598,116.762792,1058.408780,32.138000,30.000000,29.999594,3,4,1,1,0
189.226551,-87.427466,138.020833,250.000000,219.502592,2.216569,5.015000,28.496714,109.576557,937.822073,30.021000,30.000000,30.000000,4,5,1,1,0
-79.105231,189.017905,143.229167,250.000000,185.894991,2.929511,-37.715050,12.425878,183.960683,713.198314,24.466000,30.000000,29.927859,4,5,1,1,0
-68.083871,-189.290505,148.437500,250.000000,167.508671,3.313465,-65.234664,-30.699490,202.288469,498.943812,17.555000,30.000000,29.953958,3,4,1,1,0
174.570843,91.749543,153.645833,250.000000,200.077203,2.708489,38.465409,-54.739945,146.788152,965.839051,30.458000,30.000000,30.000000,4,5,1,1,0
-186.666174,49.204604,158.854167,250.000000,105.279793,3.709790,-130.798232,-23.209965,210.995686,411.988305,14.718000,30.000000,29.999968,4,5,1,1,0
102.021404,-158.666724,164.062500,250.000000,45.795594,3.472790,137.066108,-150.832138,135.642007,1458.981865,40.862000,30.000000,30.000000,4,5,1,1,0
31.161250,181.318398,169.270833,250.000000,36.535505,3.525841,36.488289,196.099461,136.286201,1233.447022,37.871000,30.000000,30.000000,4,5,1,1,0
-141.556924,-109.629639,174.479167,250.000000,89.000610,3.778245,-131.901784,-31.192615,215.412287,368.650461,13.023000,30.000000,29.998241,4,5,1,1,0
173.223684,-14.351228,179.687500,250.000000,178.669499,2.744541,22.700743,76.359259,147.481261,1646.902868,42.005000,30.000000,29.999743,4,5,1,1,0
-114.266135,123.518344,184.895833,250.000000,95.111477,3.308679,-135.650089,31.852541,171.246649,816.658227,28.865000,30.000000,30.000000,3,4,1,1,0
0.792032,-162.356948,190.104167,250.000000,68.650712,3.423653,-54.726031,-122.783337,198.141229,330.384393,11.437000,30.000000,30.000000,4,5,1,1,0
104.850748,115.582646,195.312500,250.000000,48.037985,3.520237,144.284577,107.790132,169.008548,1718.213434,43.934000,30.000000,30.000000,3,4,1,1,0
-148.665911,-13.778323,200.520833,250.000000,20.114273,3.471177,-160.854398,-3.422685,188.323066,1662.379024,43.135000,30.000000,30.000000,3,4,1,1,0
113.143719,-85.872049,205.729167,250.000000,44.974069,3.385156,121.247915,-115.313180,172.710858,1658.497597,43.222000,30.000000,30.000000,4,5,1,1,0
-24.016750,132.017297,210.937500,250.000000,31.387035,3.412024,-33.804462,152.729900,189.482088,1799.191066,44.818000,30.000000,30.000000,4,5,1,1,0
-66.907175,-106.322193,216.145833,250.000000,12.610041,3.459654,-71.627535,-115.540777,208.952153,1848.121356,45.308000,30.000000,30.000000,4,5,1,1,0
112.067154,30.712961,221.354167,250.000000,34.397618,3.428247,139.227561,20.788814,202.725702,1755.092868,43.969000,30.000000,30.000000,3,4,1,1,0
-94.026978,48.253093,226.562500,250.000000,13.275539,3.405857,-92.579931,60.760015,222.352643,1898.596301,45.676000,30.000000,29.999917,4,5,1,1,0
32.576501,-87.869519,231.770833,250.000000,14.398328,3.410016,21.051326,-96.333792,230.086115,1844.414728,44.690000,30.000000,29.996754,4,5,1,1,0
30.023759,73.752617,236.979167,250.000000,3.502292,3.391681,26.595534,73.304830,237.538457,1388.741975,37.630000,30.000000,29.991583,4,5,1,1,0
-56.035516,-26.556277,242.187500,250.000000,4.698994,3.361432,-60.200108,-24.672420,241.097639,2040.360303,47.391000,30.000000,29.999997,4,5,1,1,0
34.392789,-10.603664,247.395833,250.000000,0.827119,3.331056,35.183701,-10.384855,247.292357,2041.487513,47.270000,30.000000,29.999029,4,5,1,1,0
27.283458,-310.880931,16.276042,312.500000,312.372256,0.295000,-0.012540,0.018166,3.119053,738.659733,25.722000,30.000000,30.000000,5,6,1,1,0
189.631006,247.340067,22.786458,312.500000,288.407168,2.525165,0.270453,60.529044,134.244598,300.298793,10.509000,30.000000,30.000000,3,6,0,1,0
-306.367681,-54.192129,29.296875,312.500000,312.223074,0.326000,0.063224,0.015209,3.901746,1124.593766,33.690000,30.000000,29.990445,5,6,1,1,0
261.936881,-166.622803,35.807292,312.500000,283.674081,2.556792,21.941412,-55.501994,138.400300,327.651597,11.203000,30.000000,30.000000,4,6,0,1,0
-80.379069,299.006132,42.317708,312.500000,312.051409,0.357000,-0.050012,-0.180010,4.754736,733.318559,25.361000,30.000000,30.000000,5,6,1,1,0
-142.264360,-273.921368,48.828125,312.500000,277.610818,3.085287,-76.005513,-32.823363,169.448536,407.901585,14.295000,30.000000,30.000000,5,6,1,1,0
288.898791,105.505375,55.338542,312.500000,311.881240,0.373000,-0.202200,-0.219369,5.210672,1229.778890,35.322000,30.000000,30.000000,5,6,1,1,0
-283.144043,116.877745,61.848958,312.500000,246.531050,3.169875,-82.781168,44.880647,186.141738,653.905987,23.620000,29.996761,29.999989,5,6,1,1,0
129.244013,-276.186949,68.359375,312.500000,311.250913,0.545000,1.275352,1.678094,10.981932,974.177004,30.659000,30.000000,30.000000,5,6,1,1,0
90.802332,289.492143,74.869792,312.500000,310.270371,0.699000,3.948588,-2.674253,16.879039,933.571178,30.018000,30.000000,30.000000,5,6,1,1,0
-261.049452,-151.283493,81.380208,312.500000,310.231641,0.664000,1.680248,0.325587,16.330516,955.827889,30.291000,30.000000,30.000000,5,6,1,1,0
292.891188,-64.391306,87.890625,312.500000,307.673224,0.963000,-3.032571,-2.249664,31.054383,616.821668,21.471000,30.000000,30.000000,5,6,1,1,0
-171.331330,243.701187,94.401042,312.500000,287.685990,2.749189,-54.346298,-12.888061,151.319306,455.152893,15.795000,30.000000,30.000000,5,6,1,1,0
-38.008137,-293.306170,100.911458,312.500000,278.946913,3.033375,-69.335863,-25.539421,172.541914,410.775312,14.161000,30.000000,30.000000,5,6,1,1,0
224.391314,189.117237,107.421875,312.500000,260.779497,2.768258,0.432088,62.772929,150.842227,304.057374,10.719000,30.000000,30.000000,5,6,1,1,0
-290.742373,12.023110,113.932292,312.500000,309.429132,0.667000,2.414941,-2.457589,15.975740,875.671620,28.592000,30.000000,30.000000,5,6,1,1,0
204.395978,-203.401298,120.442708,312.500000,133.018787,4.073102,206.850766,-113.454385,218.409664,368.686816,13.437000,30.000000,30.000000,5,6,1,1,0
-13.189996,285.245820,126.953125,312.500000,302.272602,2.307466,11.556692,-16.004467,129.095917,917.554826,29.383000,30.000000,30.000000,5,6,1,1,0
-181.042834,-216.949822,133.463542,312.500000,207.668273,3.757622,-144.466692,-38.555875,233.282864,486.667049,17.154000,30.000000,30.000000,5,6,1,1,0
276.903341,37.256953,139.973958,312.500000,279.534808,2.915448,5.909547,-18.394906,180.035693,567.106309,19.567000,30.000000,30.000000,5,6,1,1,0
-226.590473,157.655749,146.484375,312.500000,202.708911,3.747593,-139.610604,-2.392700,235.421988,489.327272,17.207000,30.000000,29.999999,5,6,1,1,0
59.805690,-265.842290,152.994792,312.500000,274.631234,2.869581,12.720356,3.128216,182.323156,660.543413,22.577000,30.000000,30.000000,5,6,1,1,0
133.606053,233.160377,159.505208,312.500000,254.991871,3.416361,64.641056,-4.950856,219.235638,546.155475,18.901000,30.000000,30.000000,5,6,1,1,0
-252.229910,-80.468221,166.015625,312.500000,276.394240,2.731496,-1.409048,35.646339,166.298979,1002.247721,31.087000,30.000000,30.000000,5,6,1,1,0
236.533189,-109.284333,172.526042,312.500000,274.858268,2.761729,1.758944,32.817375,157.188963,926.774216,29.802000,30.000000,30.000000,5,6,1,1,0
-98.881538,236.272381,179.036458,312.500000,224.786746,3.415410,-55.798470,22.540124,233.730636,735.978041,25.117000,30.000000,29.984776,5,6,1,1,0
-85.104838,-236.613131,185.546875,312.500000,197.140888,4.054551,-103.826325,-58.913892,268.835627,530.978347,18.927000,30.000000,29.941653,5,6,1,1,0
218.213554,114.686928,192.057292,312.500000,247.480003,3.137259,47.945654,-64.871551,188.322762,987.643368,30.874000,30.000000,30.000000,5,6,1,1,0
-233.332718,61.505756,198.567708,312.500000,114.063536,4.366674,-189.442025,-22.257924,262.346571,413.865552,14.838000,30.000000,29.998967,5,6,1,1,0
127.526755,-198.333405,205.078125,312.500000,70.752917,3.954288,183.310326,-179.771056,165.713068,1455.449398,40.810000,30.000000,30.000000,5,6,1,1,0
38.951563,226.647998,211.588542,312.500000,59.289957,3.958604,45.649630,245.201319,155.676028,956.000619,33.855000,30.000000,30.000000,5,6,1,1,0
-176.946155,-137.037048,218.098958,312.500000,94.995850,4.373564,-183.970281,-51.661531,259.158601,368.722148,13.031000,30.000000,29.989939,5,6,1,1,0
216.529605,-17.939035,224.609375,312.500000,225.079122,3.161349,24.342135,93.056231,187.130868,1661.607378,42.206000,30.000000,30.000000,5,6,1,1,0
-142.832669,154.397930,231.119792,312.500000,129.295730,3.672475,-169.453734,33.286933,194.502430,1585.138200,42.327000,30.000000,30.000000,5,6,1,1,0
0.990040,-202.946185,237.630208,312.500000,88.808222,3.867263,-75.189871,-157.891017,230.312190,412.355922,14.746000,30.000000,30.000000,5,6,1,1,0
131.063435,144.478308,244.140625,312.500000,54.884447,4.046524,178.451381,134.381876,218.357934,1737.633798,44.146000,30.000000,30.000000,5,6,1,1,0
-185.832389,-17.222904,250.651042,312.500000,24.777176,4.001054,-203.566814,-13.312347,233.795592,1740.319985,44.216000,30.000000,30.000000,5,6,1,1,0
141.429649,-107.340061,257.161458,312.500000,65.532570,3.832007,146.344203,-149.350700,207.106777,1521.592052,41.488000,30.000000,30.000000,5,6,1,1,0
-30.020937,165.021622,263.671875,312.500000,41.610588,3.893236,-47.490738,189.960056,235.311311,1764.289244,44.413000,30.000000,30.000000,5,6,1,1,0
-83.633968,-132.902741,270.182292,312.500000,20.252634,3.964699,-81.937402,-149.614665,258.868475,1857.951595,45.459000,30.000000,30.000000,5,6,1,1,0
140.083942,38.391201,276.692708,312.500000,59.067129,3.838112,178.497052,17.369271,237.051351,1714.826849,43.815000,30.000000,30.000000,5,6,1,1,0
-117.533723,60.316366,283.203125,312.500000,24.210242,3.929252,-107.468292,81.943738,279.070365,1775.415202,43.916000,30.000000,30.000000,5,6,1,1,0
40.720627,-109.836899,289.713542,312.500000,14.518204,3.928766,26.314058,-109.192910,291.391131,1294.728970,36.298000,30.000000,29.999972,5,6,1,1,0
37.529699,92.190771,296.223958,312.500000,7.532494,3.896780,36.745126,84.939065,298.104299,1103.205221,32.837000,30.000000,29.980403,5,6,1,1,0
-70.044395,-33.195346,302.734375,312.500000,6.446199,3.857733,-73.898284,-28.094259,301.909792,2041.433801,47.406000,30.000000,29.991273,5,6,1,1,0
42.990986,-13.254581,309.244792,312.500000,0.651276,3.825806,43.636381,-13.256732,309.157492,2057.381335,47.460000,30.000000,29.999972,5,6,1,1,0
-276.378280,253.185144,11.718750,375.000000,342.720350,3.462654,-127.830966,-0.426681,187.991198,319.704377,11.469000,30.000000,30.000000,6,7,1,1,0
32.740150,-373.057117,19.531250,375.000000,374.869647,0.296000,-0.013287,0.019132,3.142929,747.603809,26.021000,30.000000,30.000000,6,7,1,1,0
227.557207,296.808081,27.343750,375.000000,344.029403,2.824970,-5.330041,78.773435,156.109634,301.185523,10.529000,30.000000,30.000000,3,7,0,1,0
-367.641218,-65.030555,35.156250,375.000000,374.723490,0.325000,0.065582,0.014503,3.874571,1127.943122,33.745000,30.000000,30.000000,6,7,1,1,0
314.324257,-199.947363,42.968750,375.000000,338.277308,2.860916,23.260454,-74.653838,161.353429,326.884793,11.183000,30.000000,30.000000,4,7,0,1,0
-96.454883,358.807358,50.781250,375.000000,374.541663,0.360000,-0.052053,-0.187891,4.842571,727.057883,25.184000,30.000000,30.000000,6,7,1,1,0
-170.717232,-328.705642,58.593750,375.000000,326.996316,3.585771,-108.869736,-45.327164,209.584201,407.130828,14.302000,30.000000,30.000000,6,7,1,1,0
346.678550,126.606450,66.406250,375.000000,374.352702,0.381000,-0.218508,-0.230795,5.457992,1260.334237,35.946000,30.000000,30.000000,6,7,1,1,0
-339.772852,140.253294,74.218750,375.000000,292.887491,3.570200,-100.363957,61.669460,223.520607,658.047852,23.760000,29.996716,30.000000,6,7,1,1,0
155.092816,-331.424339,82.031250,375.000000,373.686512,0.560000,1.366545,1.806788,11.555305,942.592703,30.079000,30.000000,30.000000,6,7,1,1,0
108.962798,347.390571,89.843750,375.000000,372.685992,0.715000,4.190983,-2.878784,17.531277,933.287625,30.022000,30.000000,30.000000,6,7,1,1,0
-313.259342,-181.540192,97.656250,375.000000,372.665206,0.674000,1.793964,0.328826,16.758594,911.726366,29.442000,30.000000,30.000000,6,7,1,1,0
351.469425,-77.269567,105.468750,375.000000,369.486941,2.155977,-13.195684,-18.300895,113.384130,621.349552,21.633000,30.000000,30.000000,6,7,1,1,0
-205.597597,292.441424,113.281250,375.000000,340.445750,3.358200,-86.944609,-13.659354,203.431628,457.284033,15.902000,30.000000,30.000000,6,7,1,1,0
-45.609764,-351.967403,121.093750,375.000000,323.345819,3.810774,-109.212375,-57.818544,239.346340,437.933944,15.186000,30.000000,30.000000,6,7,1,1,0
269.269576,226.940684,128.906250,375.000000,313.477823,3.022167,-3.428873,77.932905,170.144377,311.967162,10.888000,30.000000,30.000000,4,7,0,1,0
-348.890848,14.427732,136.718750,375.000000,371.839729,0.678000,2.547576,-2.542698,16.436489,839.563173,27.794000,30.000000,30.000000,6,7,1,1,0
245.275174,-244.081558,144.531250,375.000000,140.040292,4.587059,253.646902,-154.219936,251.611064,393.934117,14.724000,30.000000,30.000000,6,7,1,1,0
-15.827995,342.294984,152.343750,375.000000,356.082400,3.266562,20.385023,-4.627197,223.955851,930.005732,29.650000,30.000000,30.000000,6,7,1,1,0
-217.251401,-260.339786,160.156250,375.000000,235.756990,4.335378,-190.614375,-61.662154,284.249059,502.090913,17.897000,30.000000,30.000000,6,7,1,1,0
332.284010,44.708344,167.968750,375.000000,330.852812,3.223235,12.503651,-29.491494,209.181486,573.075512,19.837000,30.000000,30.000000,6,7,1,1,0
-271.908568,189.186899,175.781250,375.000000,232.411086,4.353664,-192.268995,2.472440,288.963236,490.133740,17.261000,30.000000,30.000000,6,7,1,1,0
71.766828,-319.010748,183.593750,375.000000,323.970533,3.398865,29.182247,-2.069959,235.478198,665.641981,22.772000,30.000000,30.000000,6,7,1,1,0
160.327263,279.792452,191.406250,375.000000,297.845102,3.855643,89.879748,-1.008920,261.402263,550.370646,19.093000,30.000000,30.000000,6,7,1,1,0
-302.675892,-96.561865,199.218750,375.000000,327.617439,3.326700,-5.469668,38.380656,227.364133,1007.926863,31.201000,30.000000,30.000000,6,7,1,1,0
283.839827,-131.141199,207.031250,375.000000,325.934453,3.497255,2.597683,31.750836,231.573235,933.884083,29.954000,30.000000,30.000000,6,7,1,1,0
-118.657846,283.526857,214.843750,375.000000,265.361010,3.885468,-81.162658,29.965391,283.525328,740.673974,25.279000,30.000000,29.999993,6,7,1,1,0
-102.125806,-283.935757,222.656250,375.000000,218.679270,4.752362,-146.711340,-100.184664,332.512016,559.794970,20.111000,30.000000,30.000000,6,7,1,1,0
261.856265,137.624314,230.468750,375.000000,293.215742,3.664260,61.592478,-76.056678,244.971183,996.908727,31.050000,30.000000,30.000000,6,7,1,1,0
-279.999261,73.806907,238.281250,375.000000,119.215270,4.892795,-242.511981,-15.206485,308.164014,446.380051,16.160000,30.000000,29.997503,6,7,1,1,0
153.032106,-238.000086,246.093750,375.000000,73.755876,4.453951,212.757799,-228.104816,203.964728,1465.316868,40.924000,30.000000,30.000000,6,7,1,1,0
46.741875,271.977597,253.906250,375.000000,91.064123,4.312000,58.340999,289.556968,165.311101,665.943358,29.205000,30.000000,30.000000,6,7,1,1,0
-212.335386,-164.444458,261.718750,375.000000,92.597029,4.928473,-234.708280,-82.519497,298.623548,377.813095,13.329000,30.000000,29.997356,6,7,1,1,0
259.835526,-21.526842,269.531250,375.000000,270.943366,3.551869,24.536821,106.339270,228.359846,1682.536844,42.524000,30.000000,30.000000,6,7,1,1,0
-171.399202,185.277516,277.343750,375.000000,167.109340,4.050711,-207.456730,32.259779,220.678429,1609.782540,42.655000,30.000000,30.000000,6,7,1,1,0
1.188047,-243.535422,285.156250,375.000000,117.871642,4.233386,-98.572823,-188.158415,255.577886,1487.073216,40.989000,30.000000,30.000000,6,7,1,1,0
157.276121,173.373969,292.968750,375.000000,63.685329,4.536113,212.864866,165.469710,262.914878,1726.632822,44.054000,30.000000,30.000000,6,7,1,1,0
-222.998867,-20.667485,300.781250,375.000000,26.014757,4.491955,-242.489334,-13.077854,285.312354,1772.772104,44.558000,30.000000,30.000000,6,7,1,1,0
169.715579,-128.808073,308.593750,375.000000,91.599312,4.221764,172.203629,-182.905091,234.717122,1314.645405,38.698000,30.000000,30.000000,6,7,1,1,0
-36.025125,198.025946,316.406250,375.000000,63.277109,4.302971,-62.261597,231.134139,269.294811,1627.444760,42.733000,30.000000,30.000000,6,7,1,1,0
-100.360762,-159.483289,324.218750,375.000000,28.726406,4.447395,-87.852744,-181.983034,311.470519,1856.558496,45.401000,30.000000,30.000000,6,7,1,1,0
168.100731,46.069441,332.031250,375.000000,87.455368,4.208000,217.609961,17.896353,265.671965,1504.687163,41.148000,30.000000,30.000000,6,7,1,1,0
-141.040467,72.379639,339.843750,375.000000,31.958154,4.406545,-118.888496,95.372137,338.444173,1769.796546,43.805000,30.000000,30.000000,6,7,1,1,0
48.864752,-131.804279,347.656250,375.000000,13.997642,4.404984,38.049437,-123.863807,351.645216,1075.103194,32.450000,30.000000,29.996754,6,7,1,1,0
45.035639,110.628925,355.468750,375.000000,11.133014,4.360505,50.116471,100.874805,357.196840,1133.920659,33.389000,30.000000,29.980403,6,7,1,1,0
-84.053274,-39.834415,363.281250,375.000000,13.579559,4.319340,-88.291537,-26.946162,362.702906,1899.777257,45.388000,30.000000,29.999987,6,7,1,1,0
51.589184,-15.905497,371.093750,375.000000,0.943308,4.286050,52.326451,-15.323404,371.007527,2070.493846,47.624000,30.000000,30.000000,6,7,1,1,0
-322.441327,295.382668,13.671875,437.500000,392.408678,3.852893,-163.567383,-1.916415,214.562133,319.849018,11.485000,30.000000,30.000000,7,8,1,1,0
38.196841,-435.233304,22.786458,437.500000,437.366675,0.298000,-0.013984,0.020144,3.191133,742.251468,25.906000,30.000000,30.000000,7,8,1,1,0
265.483408,346.276094,31.901042,437.500000,398.872078,3.094000,-11.856735,97.897541,175.042488,300.274145,10.508000,30.000000,30.000000,3,8,0,1,0
-428.914754,-75.868981,41.015625,437.500000,437.218330,0.328000,0.068595,0.023182,3.954404,825.111885,27.629000,30.000000,30.000000,7,8,1,1,0
366.711633,-233.271924,50.130208,437.500000,393.629485,3.134899,22.852852,-94.194762,181.898389,328.060134,11.215000,30.000000,30.000000,4,8,0,1,0
-112.530697,418.608584,59.244792,437.500000,437.040895,0.360000,-0.053854,-0.192078,4.841580,738.204547,25.514000,30.000000,30.000000,7,8,1,1,0
-199.170104,-383.489916,68.359375,437.500000,374.004377,4.015670,-144.519733,-57.218538,242.828854,404.439252,14.236000,30.000000,30.000000,7,8,1,1,0
404.458308,147.707525,77.473958,437.500000,436.857822,0.380000,-0.222826,-0.234542,5.424799,1335.651912,37.242000,30.000000,30.000000,7,8,1,1,0
-396.401660,163.628843,86.588542,437.500000,338.796586,3.942851,-116.878493,81.194753,259.373223,655.902982,23.690000,29.996715,30.000000,7,8,1,1,0
180.941619,-386.661729,95.703125,437.500000,436.170228,0.565000,1.418548,1.880928,11.735640,904.748986,29.251000,30.000000,30.000000,7,8,1,1,0
127.123265,405.289000,104.817708,437.500000,435.147143,0.724000,4.372338,-3.033205,17.879669,892.267367,29.146000,30.000000,30.000000,7,8,1,1,0
-365.469233,-211.796891,113.932292,437.500000,435.094184,0.683000,1.882746,0.318707,17.151891,933.257302,29.798000,30.000000,30.000000,7,8,1,1,0
410.047663,-90.147828,123.046875,437.500000,425.318580,3.143899,-5.837122,-47.596136,201.309853,616.701500,21.480000,30.000000,30.000000,7,8,1,1,0
-239.863863,341.181662,132.161458,437.500000,390.574503,3.782666,-117.808976,-13.866559,239.826721,456.107324,15.885000,30.000000,30.000000,7,8,1,1,0
-53.211392,-410.628637,141.276042,437.500000,368.787243,4.245431,-140.641843,-78.625247,275.937452,442.043816,15.368000,30.000000,30.000000,7,8,1,1,0
314.147839,264.764131,150.390625,437.500000,368.492025,3.260562,-11.448130,95.881963,185.780608,306.168444,10.750000,30.000000,30.000000,4,8,0,1,0
-407.039323,16.832354,159.505208,437.500000,434.279687,0.686000,2.651199,-2.623717,16.767742,843.576961,27.884000,30.000000,30.000000,7,8,1,1,0
286.154369,-284.761817,168.619792,437.500000,150.882274,4.921434,273.971131,-188.944907,284.534196,518.658766,19.997000,30.000000,30.000000,7,8,1,1,0
-18.465994,399.344149,177.734375,437.500000,404.191642,3.870509,25.652693,14.055931,291.652827,955.063633,30.149000,30.000000,30.000000,7,8,1,1,0
-253.459968,-303.729751,186.848958,437.500000,258.936480,4.966300,-250.611410,-93.131984,337.476203,512.465804,18.539000,30.000000,30.000000,7,8,1,1,0
387.664678,52.159734,195.963542,437.500000,380.978523,3.735415,27.374352,-55.037318,257.966024,560.771183,19.412000,30.000000,30.000000,7,8,1,1,0
-317.226663,220.718049,205.078125,437.500000,253.678155,4.983801,-259.730223,14.793418,341.613145,497.519473,17.697000,30.000000,30.000000,7,8,1,1,0
83.727967,-372.179206,214.192708,437.500000,372.789912,3.755687,45.503238,-5.921712,272.215435,665.197165,22.803000,30.000000,30.000000,7,8,1,1,0
187.048474,326.424527,223.307292,437.500000,341.059371,4.244016,119.482316,0.663795,298.382280,550.628944,19.160000,30.000000,30.000000,7,8,1,1,0
-353.121875,-112.655509,232.421875,437.500000,375.845599,3.973812,-16.747222,40.508682,300.632855,1007.654066,31.188000,30.000000,30.000000,7,8,1,1,0
331.146465,-152.998066,241.536458,437.500000,371.255079,4.105377,17.997763,37.729276,299.771374,916.873636,29.589000,30.000000,30.000000,7,8,1,1,0
-138.434154,330.781333,250.651042,437.500000,301.659274,4.432803,-115.211942,44.723368,343.548224,743.492153,25.364000,30.000000,30.000000,7,8,1,1,0
-119.146774,-331.258383,259.765625,437.500000,232.646888,5.390567,-185.505835,-151.184238,391.273615,599.120446,21.759000,30.000000,30.000000,7,8,1,1,0
305.498976,160.561700,268.880208,437.500000,337.797055,4.112477,76.358978,-86.017168,297.174617,978.354117,30.689000,30.000000,30.000000,7,8,1,1,0
-326.665805,86.108058,277.994792,437.500000,116.709718,5.394247,-298.926678,-1.703552,349.694307,475.101324,17.435000,30.000000,29.999791,7,8,1,1,0
178.537457,-277.666767,287.109375,437.500000,78.870625,4.872625,237.422695,-277.783828,234.639474,1356.109081,39.436000,30.000000,30.000000,7,8,1,1,0
54.532188,317.307197,296.223958,437.500000,122.156453,4.653405,69.122263,333.237759,175.992740,500.293938,26.137000,30.000000,30.000000,7,8,1,1,0
-247.724617,-191.851867,305.338542,437.500000,91.952332,5.348600,-282.895949,-108.216579,320.283353,370.455646,13.006000,30.000000,30.000000,7,8,1,1,0
303.141446,-25.114649,314.453125,437.500000,317.178970,3.939620,22.059961,115.906907,273.117693,1725.917519,43.137000,30.000000,30.000000,7,8,1,1,0
-199.965736,216.157101,323.567708,437.500000,205.026944,4.430524,-246.384662,30.344109,250.390779,1628.917137,42.930000,30.000000,30.000000,7,8,1,1,0
1.386055,-284.124659,332.682292,437.500000,154.666673,4.576436,-127.044527,-216.984155,278.649729,1493.746481,41.076000,30.000000,30.000000,7,8,1,1,0
183.488808,202.269631,341.796875,437.500000,60.022555,4.986788,236.823088,195.152326,315.197897,1729.916532,44.079000,30.000000,30.000000,7,8,1,1,0
-260.165345,-24.112066,350.911458,437.500000,27.830697,4.953332,-281.525866,-17.879937,334.195108,1749.514299,44.276000,29.999999,30.000000,7,8,1,1,0
198.001509,-150.276086,360.026042,437.500000,120.220423,4.581369,201.107959,-215.602229,259.150896,1140.008988,36.199000,30.000000,30.000000,7,8,1,1,0
-42.029312,231.030270,369.140625,437.500000,88.966695,4.669643,-78.760812,270.166507,298.188354,1436.093505,40.220000,30.000000,29.999628,7,8,1,1,0
-117.087556,-186.063838,378.255208,437.500000,38.990385,4.911208,-97.074770,-215.844738,362.996228,1841.848487,45.254000,30.000000,30.000000,7,8,1,1,0
196.117519,53.747681,387.369792,437.500000,115.213018,4.578262,255.610699,12.130731,297.912369,1383.748038,39.485000,30.000000,30.000000,7,8,1,1,0
-164.547212,84.442912,396.484375,437.500000,44.248166,4.851333,-129.055204,110.858365,395.819935,1676.402426,42.395000,30.000000,30.000000,7,8,1,1,0
57.008877,-153.771658,405.598958,437.500000,16.884884,4.883683,44.588460,-143.986816,411.522590,1103.988422,32.997000,30.000000,29.996819,7,8,1,1,0
52.541578,129.067079,414.713542,437.500000,13.334486,4.803128,63.259174,121.149427,415.215980,1212.573074,34.757000,30.000000,29.980403,7,8,1,1,0
-98.062152,-46.473484,423.828125,437.500000,19.754637,4.769577,-99.125823,-26.774022,424.850604,1727.949075,42.867000,30.000000,29.999058,7,8,1,1,0
60.187381,-18.556413,432.942708,437.500000,5.304184,4.713636,64.614997,-15.668902,432.503541,2078.145538,47.719000,29.999999,30.000000,7,8,1,1,0
-368.504373,337.580192,15.625000,500.000000,441.930402,4.181784,-196.982866,-5.280447,235.464566,319.748000,11.483000,30.000000,30.000000,9,10,1,1,0
43.653533,-497.409490,26.041667,500.000000,499.866330,0.297550,-0.014378,0.020717,3.180124,746.970996,26.024000,30.000000,30.000000,8,9,1,1,0
303.409610,395.744108,36.458333,500.000000,455.097708,3.337306,-20.256182,116.070090,191.818635,300.896285,10.523000,30.000000,30.000000,3,9,0,1,0
-490.188290,-86.707407,46.875000,500.000000,499.720741,0.326000,0.070032,0.015161,3.900685,1269.513744,36.333000,30.000000,30.000000,8,9,1,1,0
419.099009,-266.596484,57.291667,500.000000,449.226519,3.410000,21.225787,-116.376355,201.981949,328.356827,11.223000,30.000000,30.000000,4,10,0,1,0
-128.606511,478.409811,67.708333,500.000000,499.514206,0.370000,-0.058397,-0.208308,5.142205,726.480189,25.165000,30.000000,30.000000,9,10,1,1,0
-227.622976,-438.274189,78.125000,500.000000,421.316948,4.407143,-180.354252,-68.050350,273.593532,408.360402,14.380000,30.000000,30.000000,8,9,1,1,0
462.238066,168.808600,88.541667,500.000000,499.337159,0.386000,-0.235642,-0.243299,5.613243,1363.345326,37.713000,30.000000,30.000000,9,10,1,1,0
-453.030469,187.004392,98.958333,500.000000,384.283961,4.276556,-132.304631,100.692023,292.243808,655.417635,23.622000,29.999949,30.000000,9,10,1,1,0
206.790421,-441.899119,109.375000,500.000000,498.660201,0.569000,1.462857,1.944433,11.878906,976.281304,30.656000,30.000000,30.000000,9,10,1,1,0
145.283731,463.187429,119.791667,500.000000,489.997127,3.993562,17.934502,21.370408,289.134746,956.649664,30.512000,30.000000,30.000000,8,9,1,1,0
-417.679123,-242.053589,130.208333,500.000000,497.538251,0.690000,1.949033,0.318935,17.460471,961.639329,30.414000,30.000000,30.000000,9,10,1,1,0
468.625900,-103.026090,140.625000,500.000000,480.626659,3.589996,0.768755,-67.521958,244.793774,619.483597,21.571000,30.000000,30.000000,9,10,1,1,0
-274.130129,389.921899,151.041667,500.000000,440.509156,4.142734,-148.139778,-14.937012,270.473698,455.528335,15.867000,30.000000,30.000000,8,9,1,1,0
-60.813019,-469.289871,161.458333,500.000000,410.064009,4.813130,-191.432623,-113.930962,318.973589,436.639215,15.171000,30.000000,30.000000,8,9,1,1,0
359.026102,302.587579,171.875000,500.000000,423.625518,3.462729,-16.717671,109.235177,201.708633,315.825920,10.978000,30.000000,30.000000,4,10,0,1,0
-465.187798,19.236976,182.291667,500.000000,485.845099,4.369625,-6.212485,-0.086940,340.448896,841.535670,27.835000,30.000000,30.000000,9,10,1,1,0
327.033565,-325.442077,192.708333,500.000000,161.667332,5.318000,302.901206,-226.724449,318.441325,599.408484,23.264000,30.000000,30.000000,9,10,1,1,0
-21.103993,456.393313,203.125000,500.000000,451.198510,4.296313,33.372835,30.270838,341.081541,949.588054,30.028000,30.000000,30.000000,8,9,1,1,0
-289.668535,-347.119715,213.541667,500.000000,274.836641,5.568350,-314.466688,-132.815581,383.817821,518.058107,18.949000,30.000000,30.000000,8,9,1,1,0
443.045346,59.611125,223.958333,500.000000,430.732716,4.078173,39.368407,-74.371683,291.959868,570.133916,19.768000,30.000000,30.000000,9,10,1,1,0
-362.544757,252.249199,234.375000,500.000000,273.666623,5.586632,-332.640728,28.089351,388.490320,498.896423,17.790000,30.000000,30.000000,9,10,1,1,0
95.689105,-425.347664,244.791667,500.000000,420.475135,4.178476,70.095685,-11.806547,316.402143,664.910262,22.827000,30.000000,30.000000,8,9,1,1,0
213.769684,373.056603,255.208333,500.000000,383.464724,4.605710,149.785816,3.005535,332.754880,553.196472,19.316000,30.000000,30.000000,9,10,1,1,0
-403.567857,-128.749153,265.625000,500.000000,419.023373,4.483638,-34.194114,44.539628,361.095537,1025.771568,31.569000,30.000000,30.000000,8,9,1,1,0
378.453103,-174.854932,276.041667,500.000000,414.433512,4.417169,14.242924,12.690955,338.752292,963.076319,30.536000,30.000000,30.000000,9,10,1,1,0
-158.210461,378.035809,286.458333,500.000000,337.415844,4.856452,-146.317719,57.361513,390.746445,741.950029,25.338000,30.000000,30.000000,9,10,1,1,0
-136.167741,-378.581009,296.875000,500.000000,238.896554,6.034753,-228.477785,-214.151699,443.549541,597.288776,21.855000,30.000000,30.000000,8,9,1,1,0
349.141687,183.499085,307.291667,500.000000,380.487076,4.548415,93.867635,-95.240897,350.990586,971.532249,30.559000,30.000000,30.000000,9,10,1,1,0
-373.332349,98.409209,317.708333,500.000000,112.070361,5.871222,-354.137241,14.877043,389.914227,508.562828,18.953000,30.000000,29.999970,9,10,1,1,0
204.042808,-317.333448,328.125000,500.000000,91.272267,5.202926,251.209497,-329.591705,250.952043,996.626237,34.228000,30.000000,30.000000,9,10,1,1,0
62.322501,362.636796,338.541667,500.000000,156.551571,4.960000,80.626923,374.386798,183.508509,412.306779,24.305000,30.000000,29.999995,9,10,1,1,0
-283.113848,-219.259277,348.958333,500.000000,85.384343,5.790813,-326.361364,-145.683190,346.370324,388.995126,14.036000,30.000000,30.000000,9,10,1,1,0
346.447367,-28.702456,359.375000,500.000000,363.463462,4.254160,19.189358,121.976505,311.377769,1698.420076,42.731000,30.000000,30.000000,9,10,1,1,0
-228.532270,247.036687,369.791667,500.000000,243.460406,4.788365,-282.236766,25.837073,283.423112,1647.543319,43.166000,30.000000,30.000000,8,9,1,1,0
1.584063,-324.713896,380.208333,500.000000,182.566226,4.957097,-150.320147,-251.469991,310.273592,1516.470591,41.364000,30.000000,30.000000,9,10,1,1,0
209.701495,231.165292,390.625000,500.000000,63.574542,5.443799,267.532843,225.008606,364.947135,1730.906269,44.099000,30.000000,30.000000,8,9,1,1,0
-297.331823,-27.556647,401.041667,500.000000,27.127493,5.395906,-318.666757,-20.106650,386.034367,1747.397856,44.236000,30.000000,30.000000,8,9,1,1,0
226.287438,-171.744098,411.458333,500.000000,151.180307,4.912310,227.232861,-248.426653,281.172582,1045.358575,34.776000,30.000000,29.999997,9,10,1,1,0
-48.033500,264.034595,421.875000,500.000000,116.716682,4.996083,-88.868436,310.860357,323.068927,1236.639104,37.412000,30.000000,29.998842,9,10,1,1,0
-133.814349,-212.644386,432.291667,500.000000,48.451280,5.335841,-104.374876,-247.274051,415.509825,1837.884248,45.208000,30.000000,30.000000,9,10,1,1,0
224.134307,61.425921,442.708333,500.000000,150.034523,4.897480,294.552337,6.856102,321.986363,1251.276904,37.637000,30.000000,30.000000,8,9,1,1,0
-188.053956,96.506186,453.125000,500.000000,59.977807,5.261000,-137.816153,129.210618,451.144964,1826.712830,44.618000,30.000000,30.000000,9,10,1,1,0
65.153003,-175.739038,463.541667,500.000000,15.772141,5.307115,55.362116,-164.973165,469.624015,1133.538870,33.484000,30.000000,29.996819,9,10,1,1,0
60.047518,147.505233,473.958333,500.000000,19.811531,5.229123,77.477464,138.107041,473.351913,1343.282219,36.972000,30.000000,29.998172,9,10,1,1,0
-112.071031,-53.112553,484.375000,500.000000,22.120718,5.177933,-112.899448,-31.018505,485.077074,1842.018283,44.502000,30.000000,29.999995,9,10,1,1,0
68.785578,-21.207329,494.791667,500.000000,1.142892,5.138368,69.338777,-22.198032,494.654986,2051.020833,47.342000,30.000000,30.000000,9,10,1,1,0
